This is pdfTeX, Version 3.141592653-2.6-1.40.28 (TeX Live 2025) (preloaded format=pdflatex 2025.6.9)  3 JUL 2025 11:06
entering extended mode
 restricted \write18 enabled.
 %&-line parsing enabled.
**main.tex
(./main.tex
LaTeX2e <2025-06-01>
L3 programming layer <2025-05-26>
(./confproc.cls
Document Class: confproc 2011/08/01 v0.8: Conference Proceedings class (VV)
(/usr/local/texlive/2025/texmf-dist/tex/latex/kvoptions/kvoptions.sty
Package: kvoptions 2022-06-15 v3.15 Key value format for package options (HO)

(/usr/local/texlive/2025/texmf-dist/tex/latex/graphics/keyval.sty
Package: keyval 2022/05/29 v1.15 key=value parser (DPC)
\KV@toks@=\toks17
)
(/usr/local/texlive/2025/texmf-dist/tex/generic/ltxcmds/ltxcmds.sty
Package: ltxcmds 2023-12-04 v1.26 LaTeX kernel commands for general use (HO)
)
(/usr/local/texlive/2025/texmf-dist/tex/latex/kvsetkeys/kvsetkeys.sty
Package: kvsetkeys 2022-10-05 v1.19 Key value parser (HO)
))
(/usr/local/texlive/2025/texmf-dist/tex/latex/kvoptions/kvoptions-patch.sty

Package kvoptions-patch Warning: kvoptions-patch is not compatible with 
(kvoptions-patch)                LaTeX 2025-06-01
(kvoptions-patch)                Loading is aborted on input line 48.

) (/usr/local/texlive/2025/texmf-dist/tex/latex/xifthen/xifthen.sty
Package: xifthen 2015/11/05 v1.4.0 Extended ifthen features

(/usr/local/texlive/2025/texmf-dist/tex/latex/tools/calc.sty
Package: calc 2025/03/01 v4.3b Infix arithmetic (KKT,FJ)
\calc@Acount=\count275
\calc@Bcount=\count276
\calc@Adimen=\dimen148
\calc@Bdimen=\dimen149
\calc@Askip=\skip49
\calc@Bskip=\skip50
LaTeX Info: Redefining \setlength on input line 86.
LaTeX Info: Redefining \addtolength on input line 87.
\calc@Ccount=\count277
\calc@Cskip=\skip51
)
(/usr/local/texlive/2025/texmf-dist/tex/latex/base/ifthen.sty
Package: ifthen 2024/03/16 v1.1e Standard LaTeX ifthen package (DPC)
)
(/usr/local/texlive/2025/texmf-dist/tex/latex/ifmtarg/ifmtarg.sty
Package: ifmtarg 2018/04/16 v1.2b check for an empty argument
))

Package confproc Warning: Option "compil=bib*" ignored since v0.5; use "bib=*" 
instead of "compil=bib*" on input line 10.

Package confproc Info: does not use color links with hyperref on input line 108
.
\proc@binding=\skip52
Package confproc Info: setting binding to 0mm on input line 117.
\npagesfile=\write3
Package confproc Info: counting each paper's number of pages by including all i
ts pages on input line 162.
\openout3 = `main.npc'.

Package confproc Info: headers on all pages, PDFs included on input line 190.
Package confproc Info: bibliography: none on input line 214.
Package confproc Info: TOC numbering on left on input line 233.
Package confproc Info: do not add author list on input line 237.
Package confproc Info: do not add title on input line 241.
Package confproc Info: do not show margin lines on input line 245.
Package confproc Info: do not add paper number below page number on input line 
249.
Package confproc Info: papers opening on right (odd) side on input line 253.
Package confproc Info: verbose mode turned off on input line 263.
Package confproc Info: debug mode turned on on input line 269.
(/usr/local/texlive/2025/texmf-dist/tex/latex/base/book.cls
Document Class: book 2025/01/22 v1.4n Standard LaTeX document class
(/usr/local/texlive/2025/texmf-dist/tex/latex/base/bk10.clo
File: bk10.clo 2025/01/22 v1.4n Standard LaTeX file (size option)
)
\c@part=\count278
\c@chapter=\count279
\c@section=\count280
\c@subsection=\count281
\c@subsubsection=\count282
\c@paragraph=\count283
\c@subparagraph=\count284
\c@figure=\count285
\c@table=\count286
\abovecaptionskip=\skip53
\belowcaptionskip=\skip54
\bibindent=\dimen150
)
(/usr/local/texlive/2025/texmf-dist/tex/latex/graphics/graphicx.sty
Package: graphicx 2024/12/31 v1.2e Enhanced LaTeX Graphics (DPC,SPQR)

(/usr/local/texlive/2025/texmf-dist/tex/latex/graphics/graphics.sty
Package: graphics 2024/08/06 v1.4g Standard LaTeX Graphics (DPC,SPQR)

(/usr/local/texlive/2025/texmf-dist/tex/latex/graphics/trig.sty
Package: trig 2023/12/02 v1.11 sin cos tan (DPC)
)
(/usr/local/texlive/2025/texmf-dist/tex/latex/graphics-cfg/graphics.cfg
File: graphics.cfg 2016/06/04 v1.11 sample graphics configuration
)
Package graphics Info: Driver file: pdftex.def on input line 106.

(/usr/local/texlive/2025/texmf-dist/tex/latex/graphics-def/pdftex.def
File: pdftex.def 2024/04/13 v1.2c Graphics/color driver for pdftex
))
\Gin@req@height=\dimen151
\Gin@req@width=\dimen152
)
(/usr/local/texlive/2025/texmf-dist/tex/latex/pdfpages/pdfpages.sty
Package: pdfpages 2025/03/12 v0.6f Insert pages of external PDF documents (AM)

(/usr/local/texlive/2025/texmf-dist/tex/latex/eso-pic/eso-pic.sty
Package: eso-pic 2023/05/03 v3.0c eso-pic (RN)
\ESO@tempdima=\dimen153
\ESO@tempdimb=\dimen154

(/usr/local/texlive/2025/texmf-dist/tex/latex/xcolor/xcolor.sty
Package: xcolor 2024/09/29 v3.02 LaTeX color extensions (UK)

(/usr/local/texlive/2025/texmf-dist/tex/latex/graphics-cfg/color.cfg
File: color.cfg 2016/01/02 v1.6 sample color configuration
)

Package xcolor Warning: Package option `hyperref' is obsolete and ignored on in
put line 265.

Package xcolor Info: Driver file: pdftex.def on input line 274.
(/usr/local/texlive/2025/texmf-dist/tex/latex/graphics/mathcolor.ltx)
Package xcolor Info: Model `cmy' substituted by `cmy0' on input line 1349.
Package xcolor Info: Model `hsb' substituted by `rgb' on input line 1353.
Package xcolor Info: Model `RGB' extended on input line 1365.
Package xcolor Info: Model `HTML' substituted by `rgb' on input line 1367.
Package xcolor Info: Model `Hsb' substituted by `hsb' on input line 1368.
Package xcolor Info: Model `tHsb' substituted by `hsb' on input line 1369.
Package xcolor Info: Model `HSB' substituted by `hsb' on input line 1370.
Package xcolor Info: Model `Gray' substituted by `gray' on input line 1371.
Package xcolor Info: Model `wave' substituted by `hsb' on input line 1372.
))
(/usr/local/texlive/2025/texmf-dist/tex/latex/etoolbox/etoolbox.sty
Package: etoolbox 2025/02/11 v2.5l e-TeX tools for LaTeX (JAW)
\etb@tempcnta=\count287
)
\AM@pagewidth=\dimen155
\AM@pageheight=\dimen156
\AM@fboxrule=\dimen157

(/usr/local/texlive/2025/texmf-dist/tex/latex/pdfpages/pppdftex.def
File: pppdftex.def 2025/03/12 v0.6f Pdfpages driver for pdfTeX (AM)
)
\pdfpages@includegraphics@status=\count288
\AM@pagebox=\box53
\AM@global@opts=\toks18
\AM@pagecnt=\count289
\AM@toc@title=\toks19
\AM@lof@heading=\toks20
\c@AM@survey=\count290
\AM@templatesizebox=\box54
)
(/usr/local/texlive/2025/texmf-dist/tex/latex/fancyhdr/fancyhdr.sty
Package: fancyhdr 2025/02/07 v5.2 Extensive control of page headers and footers

\f@nch@headwidth=\skip55
\f@nch@offset@elh=\skip56
\f@nch@offset@erh=\skip57
\f@nch@offset@olh=\skip58
\f@nch@offset@orh=\skip59
\f@nch@offset@elf=\skip60
\f@nch@offset@erf=\skip61
\f@nch@offset@olf=\skip62
\f@nch@offset@orf=\skip63
\f@nch@height=\skip64
\f@nch@footalignment=\skip65
\f@nch@widthL=\skip66
\f@nch@widthC=\skip67
\f@nch@widthR=\skip68
\@temptokenb=\toks21
)
(/usr/local/texlive/2025/texmf-dist/tex/latex/tocbibind/tocbibind.sty
Package: tocbibind 2010/10/13 v1.5k extra ToC listings
Package tocbibind Info: The document has chapter divisions on input line 50.


Package tocbibind Note: Using chapter style headings, unless overridden.

) (/usr/local/texlive/2025/texmf-dist/tex/latex/titlesec/titletoc.sty
Package: titletoc 2025/01/04 v2.17 TOC entries
\ttl@leftsep=\dimen158
)
(/usr/local/texlive/2025/texmf-dist/tex/latex/index/index.sty
Package: index 2025/02/06 v4.04 Improved index support (dmj)
\@indexbox=\insert252
\indexproofstyle=\toks22


LaTeX Warning: Command \addtocontents  has changed.
               Check if current package is valid.

) (/usr/local/texlive/2025/texmf-dist/tex/latex/tools/multicol.sty
Package: multicol 2025/05/25 v2.0a multicolumn formatting (FMi)
\c@tracingmulticols=\count291
\mult@box=\box55
\multicol@leftmargin=\dimen159
\c@unbalance=\count292
\c@collectmore=\count293
\doublecol@number=\count294
\multicoltolerance=\count295
\multicolpretolerance=\count296
\full@width=\dimen160
\page@free=\dimen161
\premulticols=\dimen162
\postmulticols=\dimen163
\multicolsep=\skip69
\multicolbaselineskip=\skip70
\partial@page=\box56
\last@line=\box57
\mc@boxedresult=\box58
\maxbalancingoverflow=\dimen164
\mult@rightbox=\box59
\mult@grightbox=\box60
\mult@firstbox=\box61
\mult@gfirstbox=\box62
\@tempa=\box63
\@tempa=\box64
\@tempa=\box65
\@tempa=\box66
\@tempa=\box67
\@tempa=\box68
\@tempa=\box69
\@tempa=\box70
\@tempa=\box71
\@tempa=\box72
\@tempa=\box73
\@tempa=\box74
\@tempa=\box75
\@tempa=\box76
\@tempa=\box77
\@tempa=\box78
\@tempa=\box79
\@tempa=\box80
\@tempa=\box81
\@tempa=\box82
\@tempa=\box83
\@tempa=\box84
\@tempa=\box85
\@tempa=\box86
\@tempa=\box87
\@tempa=\box88
\@tempa=\box89
\@tempa=\box90
\@tempa=\box91
\@tempa=\box92
\@tempa=\box93
\@tempa=\box94
\@tempa=\box95
\@tempa=\box96
\@tempa=\box97
\@tempa=\box98
\c@minrows=\count297
\c@columnbadness=\count298
\c@finalcolumnbadness=\count299
\last@try=\dimen165
\multicolovershoot=\dimen166
\multicolundershoot=\dimen167
\mult@nat@firstbox=\box99
\colbreak@box=\box100
\mc@col@check@num=\count300
\g__mc_curr_col_int=\count301
)
(/usr/local/texlive/2025/texmf-dist/tex/latex/sectsty/sectsty.sty
Package: sectsty 2002/02/25 v2.0.2 Commands to change all sectional heading sty
les


LaTeX Warning: Command \underbar  has changed.
               Check if current package is valid.


LaTeX Warning: Command \underline  has changed.
               Check if current package is valid.

) (/usr/local/texlive/2025/texmf-dist/tex/latex/confproc/newapave.sty
\bibhang=\skip71
)
(/usr/local/texlive/2025/texmf-dist/tex/latex/hyperref/hyperref.sty
Package: hyperref 2025-05-20 v7.01m Hypertext links for LaTeX

(/usr/local/texlive/2025/texmf-dist/tex/generic/iftex/iftex.sty
Package: iftex 2024/12/12 v1.0g TeX engine tests
)
(/usr/local/texlive/2025/texmf-dist/tex/generic/kvdefinekeys/kvdefinekeys.sty
Package: kvdefinekeys 2019-12-19 v1.6 Define keys (HO)
)
(/usr/local/texlive/2025/texmf-dist/tex/generic/pdfescape/pdfescape.sty
Package: pdfescape 2019/12/09 v1.15 Implements pdfTeX's escape features (HO)

(/usr/local/texlive/2025/texmf-dist/tex/generic/pdftexcmds/pdftexcmds.sty
Package: pdftexcmds 2020-06-27 v0.33 Utility functions of pdfTeX for LuaTeX (HO
)

(/usr/local/texlive/2025/texmf-dist/tex/generic/infwarerr/infwarerr.sty
Package: infwarerr 2019/12/03 v1.5 Providing info/warning/error messages (HO)
)
Package pdftexcmds Info: \pdf@primitive is available.
Package pdftexcmds Info: \pdf@ifprimitive is available.
Package pdftexcmds Info: \pdfdraftmode found.
))
(/usr/local/texlive/2025/texmf-dist/tex/latex/hycolor/hycolor.sty
Package: hycolor 2020-01-27 v1.10 Color options for hyperref/bookmark (HO)
)
(/usr/local/texlive/2025/texmf-dist/tex/latex/hyperref/nameref.sty
Package: nameref 2023-11-26 v2.56 Cross-referencing by name of section

(/usr/local/texlive/2025/texmf-dist/tex/latex/refcount/refcount.sty
Package: refcount 2019/12/15 v3.6 Data extraction from label references (HO)
)
(/usr/local/texlive/2025/texmf-dist/tex/generic/gettitlestring/gettitlestring.s
ty
Package: gettitlestring 2019/12/15 v1.6 Cleanup title references (HO)
)
\c@section@level=\count302
) (/usr/local/texlive/2025/texmf-dist/tex/generic/stringenc/stringenc.sty
Package: stringenc 2019/11/29 v1.12 Convert strings between diff. encodings (HO
)
)
\@linkdim=\dimen168
\Hy@linkcounter=\count303
\Hy@pagecounter=\count304

(/usr/local/texlive/2025/texmf-dist/tex/latex/hyperref/pd1enc.def
File: pd1enc.def 2025-05-20 v7.01m Hyperref: PDFDocEncoding definition (HO)
Now handling font encoding PD1 ...
... no UTF-8 mapping file for font encoding PD1
)
(/usr/local/texlive/2025/texmf-dist/tex/generic/intcalc/intcalc.sty
Package: intcalc 2019/12/15 v1.3 Expandable calculations with integers (HO)
)
\Hy@SavedSpaceFactor=\count305

(/usr/local/texlive/2025/texmf-dist/tex/latex/hyperref/puenc.def
File: puenc.def 2025-05-20 v7.01m Hyperref: PDF Unicode definition (HO)
Now handling font encoding PU ...
... no UTF-8 mapping file for font encoding PU
)

Package hyperref Warning: Option `letterpaper' is no longer used.

Package hyperref Info: Option `colorlinks' set `false' on input line 4040.
Package hyperref Info: Option `bookmarksopen' set `true' on input line 4040.
Package hyperref Info: Option `raiselinks' set `true' on input line 4040.
Package hyperref Info: Option `hyperindex' set `true' on input line 4040.
Package hyperref Info: Option `plainpages' set `false' on input line 4040.
Package hyperref Info: Option `pdfpagelabels' set `true' on input line 4040.
Package hyperref Info: Option `breaklinks' set `true' on input line 4040.
Package hyperref Info: Option `linktocpage' set `true' on input line 4040.
Package hyperref Info: Hyper figures OFF on input line 4157.
Package hyperref Info: Link nesting OFF on input line 4162.
Package hyperref Info: Hyper index ON on input line 4165.
Package hyperref Info: Plain pages OFF on input line 4172.
Package hyperref Info: Backreferencing ON on input line 4175.
Package hyperref Info: Implicit mode ON; LaTeX internals redefined.
Package hyperref Info: Bookmarks ON on input line 4424.
(/usr/local/texlive/2025/texmf-dist/tex/latex/hyperref/backref.sty
Package: backref 2023-11-26 v1.44 Bibliographical back referencing


Package backref Warning: Unexpected value for option `hyperref'
(backref)                is ignored on input line 196.


(/usr/local/texlive/2025/texmf-dist/tex/latex/rerunfilecheck/rerunfilecheck.sty
Package: rerunfilecheck 2022-07-10 v1.10 Rerun checks for auxiliary files (HO)
(/usr/local/texlive/2025/texmf-dist/tex/latex/base/atveryend-ltx.sty
Package: atveryend-ltx 2020/08/19 v1.0a Emulation of the original atveryend pac
kage
with kernel methods
)
(/usr/local/texlive/2025/texmf-dist/tex/generic/uniquecounter/uniquecounter.sty
Package: uniquecounter 2019/12/15 v1.4 Provide unlimited unique counter (HO)
(/usr/local/texlive/2025/texmf-dist/tex/generic/bigintcalc/bigintcalc.sty
Package: bigintcalc 2019/12/15 v1.5 Expandable calculations on big integers (HO
)
))
Package uniquecounter Info: New unique counter `rerunfilecheck' on input line 2
85.
))
\c@Hy@tempcnt=\count306

(/usr/local/texlive/2025/texmf-dist/tex/latex/url/url.sty
\Urlmuskip=\muskip17
Package: url 2013/09/16  ver 3.4  Verb mode for urls, etc.
)
LaTeX Info: Redefining \url on input line 4763.
\XeTeXLinkMargin=\dimen169

(/usr/local/texlive/2025/texmf-dist/tex/generic/bitset/bitset.sty
Package: bitset 2019/12/09 v1.3 Handle bit-vector datatype (HO)
)
\Fld@menulength=\count307
\Field@Width=\dimen170
\Fld@charsize=\dimen171
Package hyperref Info: Hyper figures OFF on input line 6042.
Package hyperref Info: Link nesting OFF on input line 6047.
Package hyperref Info: Hyper index ON on input line 6050.
Package hyperref Info: backreferencing ON on input line 6055.
Package hyperref Info: Link coloring OFF on input line 6062.
Package hyperref Info: Link coloring with OCG OFF on input line 6067.
Package hyperref Info: PDF/A mode OFF on input line 6072.

(/usr/local/texlive/2025/texmf-dist/tex/latex/base/atbegshi-ltx.sty
Package: atbegshi-ltx 2021/01/10 v1.0c Emulation of the original atbegshi
package with kernel methods
)
\Hy@abspage=\count308
\c@Item=\count309
\c@Hfootnote=\count310
)
Package hyperref Info: Driver: hpdftex.

(/usr/local/texlive/2025/texmf-dist/tex/latex/hyperref/hpdftex.def
File: hpdftex.def 2025-05-20 v7.01m Hyperref driver for pdfTeX
\Fld@listcount=\count311
\c@bookmark@seq@number=\count312
\Hy@SectionHShift=\skip72
)
(/usr/local/texlive/2025/texmf-dist/tex/latex/bookmark/bookmark.sty
Package: bookmark 2023-12-10 v1.31 PDF bookmarks (HO)

(/usr/local/texlive/2025/texmf-dist/tex/latex/bookmark/bkm-pdftex.def
File: bkm-pdftex.def 2023-12-10 v1.31 bookmark driver for pdfTeX and luaTeX (HO
)
\BKM@id=\count313
))
(/usr/local/texlive/2025/texmf-dist/tex/latex/geometry/geometry.sty
Package: geometry 2020/01/02 v5.9 Page Geometry

(/usr/local/texlive/2025/texmf-dist/tex/generic/iftex/ifvtex.sty
Package: ifvtex 2019/10/25 v1.7 ifvtex legacy package. Use iftex instead.
)
\Gm@cnth=\count314
\Gm@cntv=\count315
\c@Gm@tempcnt=\count316
\Gm@bindingoffset=\dimen172
\Gm@wd@mp=\dimen173
\Gm@odd@mp=\dimen174
\Gm@even@mp=\dimen175
\Gm@layoutwidth=\dimen176
\Gm@layoutheight=\dimen177
\Gm@layouthoffset=\dimen178
\Gm@layoutvoffset=\dimen179
\Gm@dimlist=\toks23


Package geometry Warning: Over-specification in `v'-direction.
    `height' (358.50471pt) is ignored.

)
\procfootvskip=\skip73
\procoptfootvskip=\skip74
\c@npagespreamble=\count317
\LaTeXxShift=\skip75
\LaTeXyShift=\skip76
\WordxShift=\skip77
\WordyShift=\skip78
\c@npages=\count318
Package confproc Info: no margin lines on input line 712.
\c@conf@npages=\count319
\conf@xshift=\skip79
\conf@yshift=\skip80
\c@conf@switch=\count320
\c@conf@firstpage=\count321
\c@conf@lastpage=\count322
\c@locnpages=\count323

************
* Local config file confproc.cfg used *
************
(/usr/local/texlive/2025/texmf-dist/tex/latex/confproc/confproc.cfg
File: confproc.cfg 2011/08/01 v0.8: Configuration for confproc (VV)
))
(/usr/local/texlive/2025/texmf-dist/tex/latex/tools/afterpage.sty
Package: afterpage 2023/07/04 v1.08 After-Page Package (DPC)
\AP@output=\toks24
\AP@partial=\box101
\AP@footins=\box102
)
(/usr/local/texlive/2025/texmf-dist/tex/latex/setspace/setspace.sty
Package: setspace 2022/12/04 v6.7b set line spacing
)
(/usr/local/texlive/2025/texmf-dist/tex/latex/base/inputenc.sty
Package: inputenc 2024/02/08 v1.3d Input encoding file
\inpenc@prehook=\toks25
\inpenc@posthook=\toks26
)
(/usr/local/texlive/2025/texmf-dist/tex/latex/base/fontenc.sty
Package: fontenc 2024/12/21 v2.1c Standard LaTeX package
)
(/usr/local/texlive/2025/texmf-dist/tex/latex/psnfss/mathptmx.sty
Package: mathptmx 2020/03/25 PSNFSS-v9.3 Times w/ Math, improved (SPQR, WaS) 
LaTeX Font Info:    Redeclaring symbol font `operators' on input line 28.
LaTeX Font Info:    Overwriting symbol font `operators' in version `normal'
(Font)                  OT1/cmr/m/n --> OT1/ztmcm/m/n on input line 28.
LaTeX Font Info:    Overwriting symbol font `operators' in version `bold'
(Font)                  OT1/cmr/bx/n --> OT1/ztmcm/m/n on input line 28.
LaTeX Font Info:    Redeclaring symbol font `letters' on input line 29.
LaTeX Font Info:    Overwriting symbol font `letters' in version `normal'
(Font)                  OML/cmm/m/it --> OML/ztmcm/m/it on input line 29.
LaTeX Font Info:    Overwriting symbol font `letters' in version `bold'
(Font)                  OML/cmm/b/it --> OML/ztmcm/m/it on input line 29.
LaTeX Font Info:    Redeclaring symbol font `symbols' on input line 30.
LaTeX Font Info:    Overwriting symbol font `symbols' in version `normal'
(Font)                  OMS/cmsy/m/n --> OMS/ztmcm/m/n on input line 30.
LaTeX Font Info:    Overwriting symbol font `symbols' in version `bold'
(Font)                  OMS/cmsy/b/n --> OMS/ztmcm/m/n on input line 30.
LaTeX Font Info:    Redeclaring symbol font `largesymbols' on input line 31.
LaTeX Font Info:    Overwriting symbol font `largesymbols' in version `normal'
(Font)                  OMX/cmex/m/n --> OMX/ztmcm/m/n on input line 31.
LaTeX Font Info:    Overwriting symbol font `largesymbols' in version `bold'
(Font)                  OMX/cmex/m/n --> OMX/ztmcm/m/n on input line 31.
\symbold=\mathgroup4
\symitalic=\mathgroup5
LaTeX Font Info:    Redeclaring math alphabet \mathbf on input line 34.
LaTeX Font Info:    Overwriting math alphabet `\mathbf' in version `normal'
(Font)                  OT1/cmr/bx/n --> OT1/ptm/bx/n on input line 34.
LaTeX Font Info:    Overwriting math alphabet `\mathbf' in version `bold'
(Font)                  OT1/cmr/bx/n --> OT1/ptm/bx/n on input line 34.
LaTeX Font Info:    Redeclaring math alphabet \mathit on input line 35.
LaTeX Font Info:    Overwriting math alphabet `\mathit' in version `normal'
(Font)                  OT1/cmr/m/it --> OT1/ptm/m/it on input line 35.
LaTeX Font Info:    Overwriting math alphabet `\mathit' in version `bold'
(Font)                  OT1/cmr/bx/it --> OT1/ptm/m/it on input line 35.
LaTeX Info: Redefining \hbar on input line 50.
)
(/usr/local/texlive/2025/texmf-dist/tex/generic/nth/nth.sty
Package: nth 2002/02/27
)
\idxtitle@default=\toks27
\tf@default=\write4
\openout4 = `main.idx'.

Package index Info: Writing index file main.idx on input line 45.
LaTeX Font Info:    Trying to load font information for T1+ptm on input line 48
.

(/usr/local/texlive/2025/texmf-dist/tex/latex/psnfss/t1ptm.fd
File: t1ptm.fd 2001/06/04 font definitions for T1/ptm.
)
(/usr/local/texlive/2025/texmf-dist/tex/latex/l3backend/l3backend-pdftex.def
File: l3backend-pdftex.def 2025-04-14 L3 backend support: PDF output (pdfTeX)
\l__color_backend_stack_int=\count324
)
(./main.aux

LaTeX Warning: Label `1' multiply defined.


LaTeX Warning: Label `1' multiply defined.


LaTeX Warning: Label `1' multiply defined.


LaTeX Warning: Label `1' multiply defined.


LaTeX Warning: Label `1' multiply defined.


LaTeX Warning: Label `1' multiply defined.


LaTeX Warning: Label `1' multiply defined.


LaTeX Warning: Label `1' multiply defined.


LaTeX Warning: Label `1' multiply defined.


LaTeX Warning: Label `1' multiply defined.


LaTeX Warning: Label `1' multiply defined.


LaTeX Warning: Label `1' multiply defined.


LaTeX Warning: Label `1' multiply defined.


LaTeX Warning: Label `45' multiply defined.

)
\openout1 = `main.aux'.

LaTeX Font Info:    Checking defaults for OML/cmm/m/it on input line 48.
LaTeX Font Info:    ... okay on input line 48.
LaTeX Font Info:    Checking defaults for OMS/cmsy/m/n on input line 48.
LaTeX Font Info:    ... okay on input line 48.
LaTeX Font Info:    Checking defaults for OT1/cmr/m/n on input line 48.
LaTeX Font Info:    ... okay on input line 48.
LaTeX Font Info:    Checking defaults for T1/cmr/m/n on input line 48.
LaTeX Font Info:    ... okay on input line 48.
LaTeX Font Info:    Checking defaults for TS1/cmr/m/n on input line 48.
LaTeX Font Info:    ... okay on input line 48.
LaTeX Font Info:    Checking defaults for OMX/cmex/m/n on input line 48.
LaTeX Font Info:    ... okay on input line 48.
LaTeX Font Info:    Checking defaults for U/cmr/m/n on input line 48.
LaTeX Font Info:    ... okay on input line 48.
LaTeX Font Info:    Checking defaults for PD1/pdf/m/n on input line 48.
LaTeX Font Info:    ... okay on input line 48.
LaTeX Font Info:    Checking defaults for PU/pdf/m/n on input line 48.
LaTeX Font Info:    ... okay on input line 48.
 (/usr/local/texlive/2025/texmf-dist/tex/context/base/mkii/supp-pdf.mkii
[Loading MPS to PDF converter (version 2006.09.02).]
\scratchcounter=\count325
\scratchdimen=\dimen180
\scratchbox=\box103
\nofMPsegments=\count326
\nofMParguments=\count327
\everyMPshowfont=\toks28
\MPscratchCnt=\count328
\MPscratchDim=\dimen181
\MPnumerator=\count329
\makeMPintoPDFobject=\count330
\everyMPtoPDFconversion=\toks29
) (/usr/local/texlive/2025/texmf-dist/tex/latex/epstopdf-pkg/epstopdf-base.sty
Package: epstopdf-base 2020-01-24 v2.11 Base part for package epstopdf

(/usr/local/texlive/2025/texmf-dist/tex/latex/grfext/grfext.sty
Package: grfext 2019/12/03 v1.3 Manage graphics extensions (HO)
)
Package epstopdf-base Info: Redefining graphics rule for `.eps' on input line 4
85.
Package grfext Info: Graphics extension search list:
(grfext)             [.pdf,.png,.jpg,.mps,.jpeg,.jbig2,.jb2,.PDF,.PNG,.JPG,.JPE
G,.JBIG2,.JB2,.eps]
(grfext)             \AppendGraphicsExtensions on input line 504.

(/usr/local/texlive/2025/texmf-dist/tex/latex/latexconfig/epstopdf-sys.cfg
File: epstopdf-sys.cfg 2010/07/13 v1.3 Configuration of (r)epstopdf for TeX Liv
e
))
(/usr/local/texlive/2025/texmf-dist/tex/latex/pdflscape/pdflscape.sty
Package: pdflscape 2022-10-27 v0.13 Display of landscape pages in PDF

(/usr/local/texlive/2025/texmf-dist/tex/latex/pdflscape/pdflscape-nometadata.st
y
Package: pdflscape-nometadata 2022-10-28 v0.13 Display of landscape pages in PD
F (HO)
 (/usr/local/texlive/2025/texmf-dist/tex/latex/graphics/lscape.sty
Package: lscape 2020/05/28 v3.02 Landscape Pages (DPC)
)
Package pdflscape Info: Auto-detected driver: pdftex on input line 81.
))
Package hyperref Info: Link coloring OFF on input line 48.

*geometry* driver: auto-detecting
*geometry* detected driver: pdftex
*geometry* verbose mode - [ preamble ] result:
* driver: pdftex
* paper: letterpaper
* layout: <same size as paper>
* layoutoffset:(h,v)=(0.0pt,0.0pt)
* modes: twoside 
* h-part:(L,W,R)=(133.69994pt, 347.12361pt, 133.47145pt)
* v-part:(T,H,B)=(99.58464pt, 553.12157pt, 142.26378pt)
* \paperwidth=614.295pt
* \paperheight=794.96999pt
* \textwidth=347.12361pt
* \textheight=553.12157pt
* \oddsidemargin=61.42995pt
* \evensidemargin=61.20146pt
* \topmargin=-2.75284pt
* \headheight=12.0pt
* \headsep=18.06749pt
* \topskip=10.0pt
* \footskip=28.45274pt
* \marginparwidth=125.0pt
* \marginparsep=7.0pt
* \columnsep=10.0pt
* \skip\footins=9.0pt plus 4.0pt minus 2.0pt
* \hoffset=0.0pt
* \voffset=-14.22636pt
* \mag=1000
* \@twocolumnfalse
* \@twosidetrue
* \@mparswitchtrue
* \@reversemarginfalse
* (1in=72.27pt=25.4mm, 1cm=28.453pt)

\big@size=\dimen182
<../front.pdf, id=4, 614.295pt x 794.97pt>
File: ../front.pdf Graphic file (type pdf)
<use ../front.pdf>
Package pdftex.def Info: ../front.pdf  used on input line 50.
(pdftex.def)             Requested size: 614.29349pt x 794.96806pt.
<../front.pdf, id=6, page=1, 614.295pt x 794.97pt>
File: ../front.pdf Graphic file (type pdf)
<use ../front.pdf, page 1>
Package pdftex.def Info: ../front.pdf , page1 used on input line 50.
(pdftex.def)             Requested size: 614.29349pt x 794.96806pt.
File: ../front.pdf Graphic file (type pdf)
<use ../front.pdf, page 1>
Package pdftex.def Info: ../front.pdf , page1 used on input line 50.
(pdftex.def)             Requested size: 614.29349pt x 794.96806pt.
File: ../front.pdf Graphic file (type pdf)
<use ../front.pdf, page 1>
Package pdftex.def Info: ../front.pdf , page1 used on input line 50.
(pdftex.def)             Requested size: 614.29349pt x 794.96806pt.
File: ../front.pdf Graphic file (type pdf)
<use ../front.pdf, page 1>
Package pdftex.def Info: ../front.pdf , page1 used on input line 50.
(pdftex.def)             Requested size: 614.29349pt x 794.96806pt.


File: ../front.pdf Graphic file (type pdf)
<use ../front.pdf, page 1>
Package pdftex.def Info: ../front.pdf , page1 used on input line 50.
(pdftex.def)             Requested size: 614.29349pt x 794.96806pt.
[1


 <../front.pdf>]
LaTeX Font Info:    Trying to load font information for TS1+ptm on input line 6
5.

(/usr/local/texlive/2025/texmf-dist/tex/latex/psnfss/ts1ptm.fd
File: ts1ptm.fd 2001/06/04 font definitions for TS1/ptm.
)

[2{/usr/local/texlive/2025/texmf-var/fonts/map/pdftex/updmap/pdftex.map}{/usr/l
ocal/texlive/2025/texmf-dist/fonts/enc/dvips/base/8r.enc}]
LaTeX Font Info:    Trying to load font information for OT1+ztmcm on input line
 93.

(/usr/local/texlive/2025/texmf-dist/tex/latex/psnfss/ot1ztmcm.fd
File: ot1ztmcm.fd 2000/01/03 Fontinst v1.801 font definitions for OT1/ztmcm.
)
LaTeX Font Info:    Trying to load font information for OML+ztmcm on input line
 93.

(/usr/local/texlive/2025/texmf-dist/tex/latex/psnfss/omlztmcm.fd
File: omlztmcm.fd 2000/01/03 Fontinst v1.801 font definitions for OML/ztmcm.
)
LaTeX Font Info:    Trying to load font information for OMS+ztmcm on input line
 93.

(/usr/local/texlive/2025/texmf-dist/tex/latex/psnfss/omsztmcm.fd
File: omsztmcm.fd 2000/01/03 Fontinst v1.801 font definitions for OMS/ztmcm.
)
LaTeX Font Info:    Trying to load font information for OMX+ztmcm on input line
 93.

(/usr/local/texlive/2025/texmf-dist/tex/latex/psnfss/omxztmcm.fd
File: omxztmcm.fd 2000/01/03 Fontinst v1.801 font definitions for OMX/ztmcm.
)
LaTeX Font Info:    Trying to load font information for OT1+ptm on input line 9
3.

(/usr/local/texlive/2025/texmf-dist/tex/latex/psnfss/ot1ptm.fd
File: ot1ptm.fd 2001/06/04 font definitions for OT1/ptm.
)
LaTeX Font Info:    Font shape `OT1/ptm/bx/n' in size <12> not available
(Font)              Font shape `OT1/ptm/b/n' tried instead on input line 93.
LaTeX Font Info:    Font shape `OT1/ptm/bx/n' in size <9> not available
(Font)              Font shape `OT1/ptm/b/n' tried instead on input line 93.
LaTeX Font Info:    Font shape `OT1/ptm/bx/n' in size <7> not available
(Font)              Font shape `OT1/ptm/b/n' tried instead on input line 93.


[1


]

[2

]
LaTeX Font Info:    Font shape `OT1/ptm/bx/n' in size <10> not available
(Font)              Font shape `OT1/ptm/b/n' tried instead on input line 110.
LaTeX Font Info:    Font shape `OT1/ptm/bx/n' in size <7.4> not available
(Font)              Font shape `OT1/ptm/b/n' tried instead on input line 110.
LaTeX Font Info:    Font shape `OT1/ptm/bx/n' in size <6> not available
(Font)              Font shape `OT1/ptm/b/n' tried instead on input line 110.

Overfull \hbox (51.21497pt too wide) in paragraph at lines 108--111
 []$ 
 []


Overfull \hbox (51.21497pt too wide) in paragraph at lines 113--116
 []$ 
 []


Overfull \hbox (51.21497pt too wide) in paragraph at lines 118--121
 []$ 
 []


Overfull \hbox (51.21497pt too wide) in paragraph at lines 123--126
 []$ 
 []



[3]
Overfull \hbox (51.21497pt too wide) in paragraph at lines 128--131
 []$ 
 []


Overfull \hbox (51.21497pt too wide) in paragraph at lines 133--136
 []$ 
 []


Overfull \hbox (51.21497pt too wide) in paragraph at lines 139--144
 []$ 
 []



[4] (./main.toc
Overfull \hbox (0.1142pt too wide) in paragraph at lines 7--7
 \T1/ptm/m/it/10 Amanda Perez Ol-mos, Ser-gio Mar-tin Reiz-a-bal, Ruben Ruiz Go
n-za-lez, Nuno 
 []



[5

]
Overfull \hbox (3.7535pt too wide) in paragraph at lines 16--16
 []|| []| \T1/ptm/m/n/10 Vir-tual hu-mans for HCI: a de-sign frame-work for ada
p-tive mul-ti-modal agents  
 []

)
\tf@toc=\write5
\openout5 = `main.toc'.



[6]
Underfull \hbox (badness 10000) in paragraph at lines 148--149

 []


Underfull \hbox (badness 10000) in paragraph at lines 150--151

 []


Underfull \hbox (badness 10000) in paragraph at lines 152--153

 []


Underfull \hbox (badness 10000) in paragraph at lines 154--157

 []


Underfull \hbox (badness 10000) in paragraph at lines 158--159

 []


Underfull \hbox (badness 10000) in paragraph at lines 160--175

 []


Underfull \hbox (badness 10000) in paragraph at lines 176--177

 []


Underfull \hbox (badness 10000) in paragraph at lines 178--180

 []


Underfull \hbox (badness 10000) in paragraph at lines 181--185

 []

Package confproc Info: counted 0 pages in the preamble on input line 187.


[7

]

[8

]
<papers/0001.pdf, id=122, 614.295pt x 794.97pt>
File: papers/0001.pdf Graphic file (type pdf)
<use papers/0001.pdf>
Package pdftex.def Info: papers/0001.pdf  used on input line 195.
(pdftex.def)             Requested size: 614.29349pt x 794.96806pt.
<papers/0001.pdf, id=124, page=1, 614.295pt x 794.97pt>
File: papers/0001.pdf Graphic file (type pdf)
<use papers/0001.pdf, page 1>
Package pdftex.def Info: papers/0001.pdf , page1 used on input line 195.
(pdftex.def)             Requested size: 614.29349pt x 794.96806pt.
File: papers/0001.pdf Graphic file (type pdf)
<use papers/0001.pdf, page 1>
Package pdftex.def Info: papers/0001.pdf , page1 used on input line 195.
(pdftex.def)             Requested size: 614.29349pt x 794.96806pt.
File: papers/0001.pdf Graphic file (type pdf)
<use papers/0001.pdf, page 1>
Package pdftex.def Info: papers/0001.pdf , page1 used on input line 195.
(pdftex.def)             Requested size: 614.29349pt x 794.96806pt.


Package hyperref Warning: Token not allowed in a PDF string (Unicode):
(hyperref)                removing `\@normalcr' on input line 195.


Underfull \hbox (badness 10000) in paragraph at lines 195--195

 []




pdfTeX warning (ext4): destination with the same identifier (name{page.1}) has 
been already used, duplicate ignored
<to be read again> 
                   \relax 
l.195     ]{0001}
                 
File: papers/0001.pdf Graphic file (type pdf)
<use papers/0001.pdf, page 1>
Package pdftex.def Info: papers/0001.pdf , page1 used on input line 195.
(pdftex.def)             Requested size: 614.29349pt x 794.96806pt.
 [1

 <./papers/0001.pdf>]
File: papers/0001.pdf Graphic file (type pdf)
<use papers/0001.pdf>
Package pdftex.def Info: papers/0001.pdf  used on input line 195.
(pdftex.def)             Requested size: 614.29349pt x 794.96806pt.
<papers/0001.pdf, id=183, page=2, 614.295pt x 794.97pt>
File: papers/0001.pdf Graphic file (type pdf)
<use papers/0001.pdf, page 2>
Package pdftex.def Info: papers/0001.pdf , page2 used on input line 195.
(pdftex.def)             Requested size: 614.29349pt x 794.96806pt.
File: papers/0001.pdf Graphic file (type pdf)
<use papers/0001.pdf, page 2>
Package pdftex.def Info: papers/0001.pdf , page2 used on input line 195.
(pdftex.def)             Requested size: 614.29349pt x 794.96806pt.
File: papers/0001.pdf Graphic file (type pdf)
<use papers/0001.pdf, page 2>
Package pdftex.def Info: papers/0001.pdf , page2 used on input line 195.
(pdftex.def)             Requested size: 614.29349pt x 794.96806pt.



pdfTeX warning (ext4): destination with the same identifier (name{page.2}) has 
been already used, duplicate ignored
<to be read again> 
                   \relax 
l.195     ]{0001}
                 
File: papers/0001.pdf Graphic file (type pdf)
<use papers/0001.pdf, page 2>
Package pdftex.def Info: papers/0001.pdf , page2 used on input line 195.
(pdftex.def)             Requested size: 614.29349pt x 794.96806pt.
 [2

 <./papers/0001.pdf>]
<papers/0001.pdf, id=188, page=3, 614.295pt x 794.97pt>
File: papers/0001.pdf Graphic file (type pdf)
<use papers/0001.pdf, page 3>
Package pdftex.def Info: papers/0001.pdf , page3 used on input line 195.
(pdftex.def)             Requested size: 614.29349pt x 794.96806pt.
File: papers/0001.pdf Graphic file (type pdf)
<use papers/0001.pdf, page 3>
Package pdftex.def Info: papers/0001.pdf , page3 used on input line 195.
(pdftex.def)             Requested size: 614.29349pt x 794.96806pt.


File: papers/0001.pdf Graphic file (type pdf)
<use papers/0001.pdf, page 3>
Package pdftex.def Info: papers/0001.pdf , page3 used on input line 195.
(pdftex.def)             Requested size: 614.29349pt x 794.96806pt.
[3

 <./papers/0001.pdf>]
<papers/0001.pdf, id=195, page=4, 614.295pt x 794.97pt>
File: papers/0001.pdf Graphic file (type pdf)
<use papers/0001.pdf, page 4>
Package pdftex.def Info: papers/0001.pdf , page4 used on input line 195.
(pdftex.def)             Requested size: 614.29349pt x 794.96806pt.
File: papers/0001.pdf Graphic file (type pdf)
<use papers/0001.pdf, page 4>
Package pdftex.def Info: papers/0001.pdf , page4 used on input line 195.
(pdftex.def)             Requested size: 614.29349pt x 794.96806pt.


File: papers/0001.pdf Graphic file (type pdf)
<use papers/0001.pdf, page 4>
Package pdftex.def Info: papers/0001.pdf , page4 used on input line 195.
(pdftex.def)             Requested size: 614.29349pt x 794.96806pt.
[4

 <./papers/0001.pdf>]
<papers/0001.pdf, id=208, page=5, 614.295pt x 794.97pt>
File: papers/0001.pdf Graphic file (type pdf)
<use papers/0001.pdf, page 5>
Package pdftex.def Info: papers/0001.pdf , page5 used on input line 195.
(pdftex.def)             Requested size: 614.29349pt x 794.96806pt.
File: papers/0001.pdf Graphic file (type pdf)
<use papers/0001.pdf, page 5>
Package pdftex.def Info: papers/0001.pdf , page5 used on input line 195.
(pdftex.def)             Requested size: 614.29349pt x 794.96806pt.


File: papers/0001.pdf Graphic file (type pdf)
<use papers/0001.pdf, page 5>
Package pdftex.def Info: papers/0001.pdf , page5 used on input line 195.
(pdftex.def)             Requested size: 614.29349pt x 794.96806pt.
[5

 <./papers/0001.pdf>]
<papers/0001.pdf, id=223, page=6, 614.295pt x 794.97pt>
File: papers/0001.pdf Graphic file (type pdf)
<use papers/0001.pdf, page 6>
Package pdftex.def Info: papers/0001.pdf , page6 used on input line 195.
(pdftex.def)             Requested size: 614.29349pt x 794.96806pt.
File: papers/0001.pdf Graphic file (type pdf)
<use papers/0001.pdf, page 6>
Package pdftex.def Info: papers/0001.pdf , page6 used on input line 195.
(pdftex.def)             Requested size: 614.29349pt x 794.96806pt.


File: papers/0001.pdf Graphic file (type pdf)
<use papers/0001.pdf, page 6>
Package pdftex.def Info: papers/0001.pdf , page6 used on input line 195.
(pdftex.def)             Requested size: 614.29349pt x 794.96806pt.
[6

 <./papers/0001.pdf>]
<papers/0001.pdf, id=234, page=7, 614.295pt x 794.97pt>
File: papers/0001.pdf Graphic file (type pdf)
<use papers/0001.pdf, page 7>
Package pdftex.def Info: papers/0001.pdf , page7 used on input line 195.
(pdftex.def)             Requested size: 614.29349pt x 794.96806pt.
File: papers/0001.pdf Graphic file (type pdf)
<use papers/0001.pdf, page 7>
Package pdftex.def Info: papers/0001.pdf , page7 used on input line 195.
(pdftex.def)             Requested size: 614.29349pt x 794.96806pt.


File: papers/0001.pdf Graphic file (type pdf)
<use papers/0001.pdf, page 7>
Package pdftex.def Info: papers/0001.pdf , page7 used on input line 195.
(pdftex.def)             Requested size: 614.29349pt x 794.96806pt.
[7

 <./papers/0001.pdf>]
<papers/0001.pdf, id=245, page=8, 614.295pt x 794.97pt>
File: papers/0001.pdf Graphic file (type pdf)
<use papers/0001.pdf, page 8>
Package pdftex.def Info: papers/0001.pdf , page8 used on input line 195.
(pdftex.def)             Requested size: 614.29349pt x 794.96806pt.
File: papers/0001.pdf Graphic file (type pdf)
<use papers/0001.pdf, page 8>
Package pdftex.def Info: papers/0001.pdf , page8 used on input line 195.
(pdftex.def)             Requested size: 614.29349pt x 794.96806pt.


File: papers/0001.pdf Graphic file (type pdf)
<use papers/0001.pdf, page 8>
Package pdftex.def Info: papers/0001.pdf , page8 used on input line 195.
(pdftex.def)             Requested size: 614.29349pt x 794.96806pt.
[8

 <./papers/0001.pdf>]
<papers/0001.pdf, id=256, page=9, 614.295pt x 794.97pt>
File: papers/0001.pdf Graphic file (type pdf)
<use papers/0001.pdf, page 9>
Package pdftex.def Info: papers/0001.pdf , page9 used on input line 195.
(pdftex.def)             Requested size: 614.29349pt x 794.96806pt.
File: papers/0001.pdf Graphic file (type pdf)
<use papers/0001.pdf, page 9>
Package pdftex.def Info: papers/0001.pdf , page9 used on input line 195.
(pdftex.def)             Requested size: 614.29349pt x 794.96806pt.


File: papers/0001.pdf Graphic file (type pdf)
<use papers/0001.pdf, page 9>
Package pdftex.def Info: papers/0001.pdf , page9 used on input line 195.
(pdftex.def)             Requested size: 614.29349pt x 794.96806pt.
[9

 <./papers/0001.pdf>]

[10

]
<papers/0002.pdf, id=267, 614.295pt x 794.97pt>
File: papers/0002.pdf Graphic file (type pdf)
<use papers/0002.pdf>
Package pdftex.def Info: papers/0002.pdf  used on input line 201.
(pdftex.def)             Requested size: 614.29349pt x 794.96806pt.
<papers/0002.pdf, id=269, page=1, 614.295pt x 794.97pt>
File: papers/0002.pdf Graphic file (type pdf)
<use papers/0002.pdf, page 1>
Package pdftex.def Info: papers/0002.pdf , page1 used on input line 201.
(pdftex.def)             Requested size: 614.29349pt x 794.96806pt.
File: papers/0002.pdf Graphic file (type pdf)
<use papers/0002.pdf, page 1>
Package pdftex.def Info: papers/0002.pdf , page1 used on input line 201.
(pdftex.def)             Requested size: 614.29349pt x 794.96806pt.
File: papers/0002.pdf Graphic file (type pdf)
<use papers/0002.pdf, page 1>
Package pdftex.def Info: papers/0002.pdf , page1 used on input line 201.
(pdftex.def)             Requested size: 614.29349pt x 794.96806pt.


Package hyperref Warning: Token not allowed in a PDF string (Unicode):
(hyperref)                removing `\@normalcr' on input line 201.


Underfull \hbox (badness 10000) in paragraph at lines 201--201

 []



File: papers/0002.pdf Graphic file (type pdf)
<use papers/0002.pdf, page 1>
Package pdftex.def Info: papers/0002.pdf , page1 used on input line 201.
(pdftex.def)             Requested size: 614.29349pt x 794.96806pt.
[11

 <./papers/0002.pdf>]
File: papers/0002.pdf Graphic file (type pdf)
<use papers/0002.pdf>
Package pdftex.def Info: papers/0002.pdf  used on input line 201.
(pdftex.def)             Requested size: 614.29349pt x 794.96806pt.
<papers/0002.pdf, id=319, page=2, 614.295pt x 794.97pt>
File: papers/0002.pdf Graphic file (type pdf)
<use papers/0002.pdf, page 2>
Package pdftex.def Info: papers/0002.pdf , page2 used on input line 201.
(pdftex.def)             Requested size: 614.29349pt x 794.96806pt.
File: papers/0002.pdf Graphic file (type pdf)
<use papers/0002.pdf, page 2>
Package pdftex.def Info: papers/0002.pdf , page2 used on input line 201.
(pdftex.def)             Requested size: 614.29349pt x 794.96806pt.
File: papers/0002.pdf Graphic file (type pdf)
<use papers/0002.pdf, page 2>
Package pdftex.def Info: papers/0002.pdf , page2 used on input line 201.
(pdftex.def)             Requested size: 614.29349pt x 794.96806pt.


File: papers/0002.pdf Graphic file (type pdf)
<use papers/0002.pdf, page 2>
Package pdftex.def Info: papers/0002.pdf , page2 used on input line 201.
(pdftex.def)             Requested size: 614.29349pt x 794.96806pt.
[12

 <./papers/0002.pdf>]
<papers/0002.pdf, id=329, page=3, 614.295pt x 794.97pt>
File: papers/0002.pdf Graphic file (type pdf)
<use papers/0002.pdf, page 3>
Package pdftex.def Info: papers/0002.pdf , page3 used on input line 201.
(pdftex.def)             Requested size: 614.29349pt x 794.96806pt.
File: papers/0002.pdf Graphic file (type pdf)
<use papers/0002.pdf, page 3>
Package pdftex.def Info: papers/0002.pdf , page3 used on input line 201.
(pdftex.def)             Requested size: 614.29349pt x 794.96806pt.


File: papers/0002.pdf Graphic file (type pdf)
<use papers/0002.pdf, page 3>
Package pdftex.def Info: papers/0002.pdf , page3 used on input line 201.
(pdftex.def)             Requested size: 614.29349pt x 794.96806pt.
[13

 <./papers/0002.pdf>]
<papers/0002.pdf, id=360, page=4, 614.295pt x 794.97pt>
File: papers/0002.pdf Graphic file (type pdf)
<use papers/0002.pdf, page 4>
Package pdftex.def Info: papers/0002.pdf , page4 used on input line 201.
(pdftex.def)             Requested size: 614.29349pt x 794.96806pt.
File: papers/0002.pdf Graphic file (type pdf)
<use papers/0002.pdf, page 4>
Package pdftex.def Info: papers/0002.pdf , page4 used on input line 201.
(pdftex.def)             Requested size: 614.29349pt x 794.96806pt.


File: papers/0002.pdf Graphic file (type pdf)
<use papers/0002.pdf, page 4>
Package pdftex.def Info: papers/0002.pdf , page4 used on input line 201.
(pdftex.def)             Requested size: 614.29349pt x 794.96806pt.
[14

 <./papers/0002.pdf>]
<papers/0002.pdf, id=366, page=5, 614.295pt x 794.97pt>
File: papers/0002.pdf Graphic file (type pdf)
<use papers/0002.pdf, page 5>
Package pdftex.def Info: papers/0002.pdf , page5 used on input line 201.
(pdftex.def)             Requested size: 614.29349pt x 794.96806pt.
File: papers/0002.pdf Graphic file (type pdf)
<use papers/0002.pdf, page 5>
Package pdftex.def Info: papers/0002.pdf , page5 used on input line 201.
(pdftex.def)             Requested size: 614.29349pt x 794.96806pt.


File: papers/0002.pdf Graphic file (type pdf)
<use papers/0002.pdf, page 5>
Package pdftex.def Info: papers/0002.pdf , page5 used on input line 201.
(pdftex.def)             Requested size: 614.29349pt x 794.96806pt.
[15

 <./papers/0002.pdf>]
<papers/0002.pdf, id=374, page=6, 614.295pt x 794.97pt>
File: papers/0002.pdf Graphic file (type pdf)
<use papers/0002.pdf, page 6>
Package pdftex.def Info: papers/0002.pdf , page6 used on input line 201.
(pdftex.def)             Requested size: 614.29349pt x 794.96806pt.
File: papers/0002.pdf Graphic file (type pdf)
<use papers/0002.pdf, page 6>
Package pdftex.def Info: papers/0002.pdf , page6 used on input line 201.
(pdftex.def)             Requested size: 614.29349pt x 794.96806pt.


File: papers/0002.pdf Graphic file (type pdf)
<use papers/0002.pdf, page 6>
Package pdftex.def Info: papers/0002.pdf , page6 used on input line 201.
(pdftex.def)             Requested size: 614.29349pt x 794.96806pt.
[16

 <./papers/0002.pdf>]
<papers/0002.pdf, id=389, page=7, 614.295pt x 794.97pt>
File: papers/0002.pdf Graphic file (type pdf)
<use papers/0002.pdf, page 7>
Package pdftex.def Info: papers/0002.pdf , page7 used on input line 201.
(pdftex.def)             Requested size: 614.29349pt x 794.96806pt.
File: papers/0002.pdf Graphic file (type pdf)
<use papers/0002.pdf, page 7>
Package pdftex.def Info: papers/0002.pdf , page7 used on input line 201.
(pdftex.def)             Requested size: 614.29349pt x 794.96806pt.


File: papers/0002.pdf Graphic file (type pdf)
<use papers/0002.pdf, page 7>
Package pdftex.def Info: papers/0002.pdf , page7 used on input line 201.
(pdftex.def)             Requested size: 614.29349pt x 794.96806pt.
[17

 <./papers/0002.pdf>]
<papers/0002.pdf, id=395, page=8, 614.295pt x 794.97pt>
File: papers/0002.pdf Graphic file (type pdf)
<use papers/0002.pdf, page 8>
Package pdftex.def Info: papers/0002.pdf , page8 used on input line 201.
(pdftex.def)             Requested size: 614.29349pt x 794.96806pt.
File: papers/0002.pdf Graphic file (type pdf)
<use papers/0002.pdf, page 8>
Package pdftex.def Info: papers/0002.pdf , page8 used on input line 201.
(pdftex.def)             Requested size: 614.29349pt x 794.96806pt.


File: papers/0002.pdf Graphic file (type pdf)
<use papers/0002.pdf, page 8>
Package pdftex.def Info: papers/0002.pdf , page8 used on input line 201.
(pdftex.def)             Requested size: 614.29349pt x 794.96806pt.
[18

 <./papers/0002.pdf>]
<papers/0003.pdf, id=401, 614.295pt x 794.97pt>
File: papers/0003.pdf Graphic file (type pdf)
<use papers/0003.pdf>
Package pdftex.def Info: papers/0003.pdf  used on input line 207.
(pdftex.def)             Requested size: 614.29349pt x 794.96806pt.
<papers/0003.pdf, id=403, page=1, 614.295pt x 794.97pt>
File: papers/0003.pdf Graphic file (type pdf)
<use papers/0003.pdf, page 1>
Package pdftex.def Info: papers/0003.pdf , page1 used on input line 207.
(pdftex.def)             Requested size: 614.29349pt x 794.96806pt.
File: papers/0003.pdf Graphic file (type pdf)
<use papers/0003.pdf, page 1>
Package pdftex.def Info: papers/0003.pdf , page1 used on input line 207.
(pdftex.def)             Requested size: 614.29349pt x 794.96806pt.
File: papers/0003.pdf Graphic file (type pdf)
<use papers/0003.pdf, page 1>
Package pdftex.def Info: papers/0003.pdf , page1 used on input line 207.
(pdftex.def)             Requested size: 614.29349pt x 794.96806pt.


Package hyperref Warning: Token not allowed in a PDF string (Unicode):
(hyperref)                removing `\@normalcr' on input line 207.


Underfull \hbox (badness 10000) in paragraph at lines 207--207

 []



File: papers/0003.pdf Graphic file (type pdf)
<use papers/0003.pdf, page 1>
Package pdftex.def Info: papers/0003.pdf , page1 used on input line 207.
(pdftex.def)             Requested size: 614.29349pt x 794.96806pt.
[19


 <./papers/0003.pdf>]
File: papers/0003.pdf Graphic file (type pdf)
<use papers/0003.pdf>
Package pdftex.def Info: papers/0003.pdf  used on input line 207.
(pdftex.def)             Requested size: 614.29349pt x 794.96806pt.
<papers/0003.pdf, id=435, page=2, 614.295pt x 794.97pt>
File: papers/0003.pdf Graphic file (type pdf)
<use papers/0003.pdf, page 2>
Package pdftex.def Info: papers/0003.pdf , page2 used on input line 207.
(pdftex.def)             Requested size: 614.29349pt x 794.96806pt.
File: papers/0003.pdf Graphic file (type pdf)
<use papers/0003.pdf, page 2>
Package pdftex.def Info: papers/0003.pdf , page2 used on input line 207.
(pdftex.def)             Requested size: 614.29349pt x 794.96806pt.
File: papers/0003.pdf Graphic file (type pdf)
<use papers/0003.pdf, page 2>
Package pdftex.def Info: papers/0003.pdf , page2 used on input line 207.
(pdftex.def)             Requested size: 614.29349pt x 794.96806pt.


File: papers/0003.pdf Graphic file (type pdf)
<use papers/0003.pdf, page 2>
Package pdftex.def Info: papers/0003.pdf , page2 used on input line 207.
(pdftex.def)             Requested size: 614.29349pt x 794.96806pt.
[20

 <./papers/0003.pdf>]
<papers/0003.pdf, id=448, page=3, 614.295pt x 794.97pt>
File: papers/0003.pdf Graphic file (type pdf)
<use papers/0003.pdf, page 3>
Package pdftex.def Info: papers/0003.pdf , page3 used on input line 207.
(pdftex.def)             Requested size: 614.29349pt x 794.96806pt.
File: papers/0003.pdf Graphic file (type pdf)
<use papers/0003.pdf, page 3>
Package pdftex.def Info: papers/0003.pdf , page3 used on input line 207.
(pdftex.def)             Requested size: 614.29349pt x 794.96806pt.


File: papers/0003.pdf Graphic file (type pdf)
<use papers/0003.pdf, page 3>
Package pdftex.def Info: papers/0003.pdf , page3 used on input line 207.
(pdftex.def)             Requested size: 614.29349pt x 794.96806pt.
[21

 <./papers/0003.pdf>]
<papers/0003.pdf, id=460, page=4, 614.295pt x 794.97pt>
File: papers/0003.pdf Graphic file (type pdf)
<use papers/0003.pdf, page 4>
Package pdftex.def Info: papers/0003.pdf , page4 used on input line 207.
(pdftex.def)             Requested size: 614.29349pt x 794.96806pt.
File: papers/0003.pdf Graphic file (type pdf)
<use papers/0003.pdf, page 4>
Package pdftex.def Info: papers/0003.pdf , page4 used on input line 207.
(pdftex.def)             Requested size: 614.29349pt x 794.96806pt.


File: papers/0003.pdf Graphic file (type pdf)
<use papers/0003.pdf, page 4>
Package pdftex.def Info: papers/0003.pdf , page4 used on input line 207.
(pdftex.def)             Requested size: 614.29349pt x 794.96806pt.
[22

 <./papers/0003.pdf>]
<papers/0003.pdf, id=469, page=5, 614.295pt x 794.97pt>
File: papers/0003.pdf Graphic file (type pdf)
<use papers/0003.pdf, page 5>
Package pdftex.def Info: papers/0003.pdf , page5 used on input line 207.
(pdftex.def)             Requested size: 614.29349pt x 794.96806pt.
File: papers/0003.pdf Graphic file (type pdf)
<use papers/0003.pdf, page 5>
Package pdftex.def Info: papers/0003.pdf , page5 used on input line 207.
(pdftex.def)             Requested size: 614.29349pt x 794.96806pt.


File: papers/0003.pdf Graphic file (type pdf)
<use papers/0003.pdf, page 5>
Package pdftex.def Info: papers/0003.pdf , page5 used on input line 207.
(pdftex.def)             Requested size: 614.29349pt x 794.96806pt.
[23

 <./papers/0003.pdf>]
<papers/0003.pdf, id=480, page=6, 614.295pt x 794.97pt>
File: papers/0003.pdf Graphic file (type pdf)
<use papers/0003.pdf, page 6>
Package pdftex.def Info: papers/0003.pdf , page6 used on input line 207.
(pdftex.def)             Requested size: 614.29349pt x 794.96806pt.
File: papers/0003.pdf Graphic file (type pdf)
<use papers/0003.pdf, page 6>
Package pdftex.def Info: papers/0003.pdf , page6 used on input line 207.
(pdftex.def)             Requested size: 614.29349pt x 794.96806pt.


File: papers/0003.pdf Graphic file (type pdf)
<use papers/0003.pdf, page 6>
Package pdftex.def Info: papers/0003.pdf , page6 used on input line 207.
(pdftex.def)             Requested size: 614.29349pt x 794.96806pt.
[24

 <./papers/0003.pdf>]
<papers/0003.pdf, id=495, page=7, 614.295pt x 794.97pt>
File: papers/0003.pdf Graphic file (type pdf)
<use papers/0003.pdf, page 7>
Package pdftex.def Info: papers/0003.pdf , page7 used on input line 207.
(pdftex.def)             Requested size: 614.29349pt x 794.96806pt.
File: papers/0003.pdf Graphic file (type pdf)
<use papers/0003.pdf, page 7>
Package pdftex.def Info: papers/0003.pdf , page7 used on input line 207.
(pdftex.def)             Requested size: 614.29349pt x 794.96806pt.


File: papers/0003.pdf Graphic file (type pdf)
<use papers/0003.pdf, page 7>
Package pdftex.def Info: papers/0003.pdf , page7 used on input line 207.
(pdftex.def)             Requested size: 614.29349pt x 794.96806pt.
[25

 <./papers/0003.pdf>]
<papers/0003.pdf, id=504, page=8, 614.295pt x 794.97pt>
File: papers/0003.pdf Graphic file (type pdf)
<use papers/0003.pdf, page 8>
Package pdftex.def Info: papers/0003.pdf , page8 used on input line 207.
(pdftex.def)             Requested size: 614.29349pt x 794.96806pt.
File: papers/0003.pdf Graphic file (type pdf)
<use papers/0003.pdf, page 8>
Package pdftex.def Info: papers/0003.pdf , page8 used on input line 207.
(pdftex.def)             Requested size: 614.29349pt x 794.96806pt.


File: papers/0003.pdf Graphic file (type pdf)
<use papers/0003.pdf, page 8>
Package pdftex.def Info: papers/0003.pdf , page8 used on input line 207.
(pdftex.def)             Requested size: 614.29349pt x 794.96806pt.
[26

 <./papers/0003.pdf>]
<papers/0003.pdf, id=513, page=9, 614.295pt x 794.97pt>
File: papers/0003.pdf Graphic file (type pdf)
<use papers/0003.pdf, page 9>
Package pdftex.def Info: papers/0003.pdf , page9 used on input line 207.
(pdftex.def)             Requested size: 614.29349pt x 794.96806pt.
File: papers/0003.pdf Graphic file (type pdf)
<use papers/0003.pdf, page 9>
Package pdftex.def Info: papers/0003.pdf , page9 used on input line 207.
(pdftex.def)             Requested size: 614.29349pt x 794.96806pt.


File: papers/0003.pdf Graphic file (type pdf)
<use papers/0003.pdf, page 9>
Package pdftex.def Info: papers/0003.pdf , page9 used on input line 207.
(pdftex.def)             Requested size: 614.29349pt x 794.96806pt.
[27

 <./papers/0003.pdf>]

[28

]
<papers/0004.pdf, id=524, 614.295pt x 794.97pt>
File: papers/0004.pdf Graphic file (type pdf)
<use papers/0004.pdf>
Package pdftex.def Info: papers/0004.pdf  used on input line 213.
(pdftex.def)             Requested size: 614.29349pt x 794.96806pt.
<papers/0004.pdf, id=526, page=1, 614.295pt x 794.97pt>
File: papers/0004.pdf Graphic file (type pdf)
<use papers/0004.pdf, page 1>
Package pdftex.def Info: papers/0004.pdf , page1 used on input line 213.
(pdftex.def)             Requested size: 614.29349pt x 794.96806pt.
File: papers/0004.pdf Graphic file (type pdf)
<use papers/0004.pdf, page 1>
Package pdftex.def Info: papers/0004.pdf , page1 used on input line 213.
(pdftex.def)             Requested size: 614.29349pt x 794.96806pt.
File: papers/0004.pdf Graphic file (type pdf)
<use papers/0004.pdf, page 1>
Package pdftex.def Info: papers/0004.pdf , page1 used on input line 213.
(pdftex.def)             Requested size: 614.29349pt x 794.96806pt.


Package hyperref Warning: Token not allowed in a PDF string (Unicode):
(hyperref)                removing `\@normalcr' on input line 213.


Underfull \hbox (badness 10000) in paragraph at lines 213--213

 []



File: papers/0004.pdf Graphic file (type pdf)
<use papers/0004.pdf, page 1>
Package pdftex.def Info: papers/0004.pdf , page1 used on input line 213.
(pdftex.def)             Requested size: 614.29349pt x 794.96806pt.
[29

 <./papers/0004.pdf>]
File: papers/0004.pdf Graphic file (type pdf)
<use papers/0004.pdf>
Package pdftex.def Info: papers/0004.pdf  used on input line 213.
(pdftex.def)             Requested size: 614.29349pt x 794.96806pt.
<papers/0004.pdf, id=579, page=2, 614.295pt x 794.97pt>
File: papers/0004.pdf Graphic file (type pdf)
<use papers/0004.pdf, page 2>
Package pdftex.def Info: papers/0004.pdf , page2 used on input line 213.
(pdftex.def)             Requested size: 614.29349pt x 794.96806pt.
File: papers/0004.pdf Graphic file (type pdf)
<use papers/0004.pdf, page 2>
Package pdftex.def Info: papers/0004.pdf , page2 used on input line 213.
(pdftex.def)             Requested size: 614.29349pt x 794.96806pt.
File: papers/0004.pdf Graphic file (type pdf)
<use papers/0004.pdf, page 2>
Package pdftex.def Info: papers/0004.pdf , page2 used on input line 213.
(pdftex.def)             Requested size: 614.29349pt x 794.96806pt.


File: papers/0004.pdf Graphic file (type pdf)
<use papers/0004.pdf, page 2>
Package pdftex.def Info: papers/0004.pdf , page2 used on input line 213.
(pdftex.def)             Requested size: 614.29349pt x 794.96806pt.
[30

 <./papers/0004.pdf>]
<papers/0004.pdf, id=585, page=3, 614.295pt x 794.97pt>
File: papers/0004.pdf Graphic file (type pdf)
<use papers/0004.pdf, page 3>
Package pdftex.def Info: papers/0004.pdf , page3 used on input line 213.
(pdftex.def)             Requested size: 614.29349pt x 794.96806pt.
File: papers/0004.pdf Graphic file (type pdf)
<use papers/0004.pdf, page 3>
Package pdftex.def Info: papers/0004.pdf , page3 used on input line 213.
(pdftex.def)             Requested size: 614.29349pt x 794.96806pt.


File: papers/0004.pdf Graphic file (type pdf)
<use papers/0004.pdf, page 3>
Package pdftex.def Info: papers/0004.pdf , page3 used on input line 213.
(pdftex.def)             Requested size: 614.29349pt x 794.96806pt.
[31

 <./papers/0004.pdf>]
<papers/0004.pdf, id=602, page=4, 614.295pt x 794.97pt>
File: papers/0004.pdf Graphic file (type pdf)
<use papers/0004.pdf, page 4>
Package pdftex.def Info: papers/0004.pdf , page4 used on input line 213.
(pdftex.def)             Requested size: 614.29349pt x 794.96806pt.
File: papers/0004.pdf Graphic file (type pdf)
<use papers/0004.pdf, page 4>
Package pdftex.def Info: papers/0004.pdf , page4 used on input line 213.
(pdftex.def)             Requested size: 614.29349pt x 794.96806pt.


File: papers/0004.pdf Graphic file (type pdf)
<use papers/0004.pdf, page 4>
Package pdftex.def Info: papers/0004.pdf , page4 used on input line 213.
(pdftex.def)             Requested size: 614.29349pt x 794.96806pt.
[32

 <./papers/0004.pdf>]
<papers/0004.pdf, id=617, page=5, 614.295pt x 794.97pt>
File: papers/0004.pdf Graphic file (type pdf)
<use papers/0004.pdf, page 5>
Package pdftex.def Info: papers/0004.pdf , page5 used on input line 213.
(pdftex.def)             Requested size: 614.29349pt x 794.96806pt.
File: papers/0004.pdf Graphic file (type pdf)
<use papers/0004.pdf, page 5>
Package pdftex.def Info: papers/0004.pdf , page5 used on input line 213.
(pdftex.def)             Requested size: 614.29349pt x 794.96806pt.


File: papers/0004.pdf Graphic file (type pdf)
<use papers/0004.pdf, page 5>
Package pdftex.def Info: papers/0004.pdf , page5 used on input line 213.
(pdftex.def)             Requested size: 614.29349pt x 794.96806pt.
[33

 <./papers/0004.pdf>]
<papers/0004.pdf, id=626, page=6, 614.295pt x 794.97pt>
File: papers/0004.pdf Graphic file (type pdf)
<use papers/0004.pdf, page 6>
Package pdftex.def Info: papers/0004.pdf , page6 used on input line 213.
(pdftex.def)             Requested size: 614.29349pt x 794.96806pt.
File: papers/0004.pdf Graphic file (type pdf)
<use papers/0004.pdf, page 6>
Package pdftex.def Info: papers/0004.pdf , page6 used on input line 213.
(pdftex.def)             Requested size: 614.29349pt x 794.96806pt.


File: papers/0004.pdf Graphic file (type pdf)
<use papers/0004.pdf, page 6>
Package pdftex.def Info: papers/0004.pdf , page6 used on input line 213.
(pdftex.def)             Requested size: 614.29349pt x 794.96806pt.
[34

 <./papers/0004.pdf>]
<papers/0004.pdf, id=648, page=7, 614.295pt x 794.97pt>
File: papers/0004.pdf Graphic file (type pdf)
<use papers/0004.pdf, page 7>
Package pdftex.def Info: papers/0004.pdf , page7 used on input line 213.
(pdftex.def)             Requested size: 614.29349pt x 794.96806pt.
File: papers/0004.pdf Graphic file (type pdf)
<use papers/0004.pdf, page 7>
Package pdftex.def Info: papers/0004.pdf , page7 used on input line 213.
(pdftex.def)             Requested size: 614.29349pt x 794.96806pt.


File: papers/0004.pdf Graphic file (type pdf)
<use papers/0004.pdf, page 7>
Package pdftex.def Info: papers/0004.pdf , page7 used on input line 213.
(pdftex.def)             Requested size: 614.29349pt x 794.96806pt.
[35

 <./papers/0004.pdf>]
<papers/0004.pdf, id=654, page=8, 614.295pt x 794.97pt>
File: papers/0004.pdf Graphic file (type pdf)
<use papers/0004.pdf, page 8>
Package pdftex.def Info: papers/0004.pdf , page8 used on input line 213.
(pdftex.def)             Requested size: 614.29349pt x 794.96806pt.
File: papers/0004.pdf Graphic file (type pdf)
<use papers/0004.pdf, page 8>
Package pdftex.def Info: papers/0004.pdf , page8 used on input line 213.
(pdftex.def)             Requested size: 614.29349pt x 794.96806pt.


File: papers/0004.pdf Graphic file (type pdf)
<use papers/0004.pdf, page 8>
Package pdftex.def Info: papers/0004.pdf , page8 used on input line 213.
(pdftex.def)             Requested size: 614.29349pt x 794.96806pt.
[36

 <./papers/0004.pdf>]
<papers/0004.pdf, id=660, page=9, 614.295pt x 794.97pt>
File: papers/0004.pdf Graphic file (type pdf)
<use papers/0004.pdf, page 9>
Package pdftex.def Info: papers/0004.pdf , page9 used on input line 213.
(pdftex.def)             Requested size: 614.29349pt x 794.96806pt.
File: papers/0004.pdf Graphic file (type pdf)
<use papers/0004.pdf, page 9>
Package pdftex.def Info: papers/0004.pdf , page9 used on input line 213.
(pdftex.def)             Requested size: 614.29349pt x 794.96806pt.


File: papers/0004.pdf Graphic file (type pdf)
<use papers/0004.pdf, page 9>
Package pdftex.def Info: papers/0004.pdf , page9 used on input line 213.
(pdftex.def)             Requested size: 614.29349pt x 794.96806pt.
[37

 <./papers/0004.pdf>]
<papers/0004.pdf, id=666, page=10, 614.295pt x 794.97pt>
File: papers/0004.pdf Graphic file (type pdf)
<use papers/0004.pdf, page 10>
Package pdftex.def Info: papers/0004.pdf , page10 used on input line 213.
(pdftex.def)             Requested size: 614.29349pt x 794.96806pt.
File: papers/0004.pdf Graphic file (type pdf)
<use papers/0004.pdf, page 10>
Package pdftex.def Info: papers/0004.pdf , page10 used on input line 213.
(pdftex.def)             Requested size: 614.29349pt x 794.96806pt.


File: papers/0004.pdf Graphic file (type pdf)
<use papers/0004.pdf, page 10>
Package pdftex.def Info: papers/0004.pdf , page10 used on input line 213.
(pdftex.def)             Requested size: 614.29349pt x 794.96806pt.
[38

 <./papers/0004.pdf>]
<papers/0005.pdf, id=672, 614.295pt x 794.97pt>
File: papers/0005.pdf Graphic file (type pdf)
<use papers/0005.pdf>
Package pdftex.def Info: papers/0005.pdf  used on input line 219.
(pdftex.def)             Requested size: 614.29349pt x 794.96806pt.
<papers/0005.pdf, id=674, page=1, 614.295pt x 794.97pt>
File: papers/0005.pdf Graphic file (type pdf)
<use papers/0005.pdf, page 1>
Package pdftex.def Info: papers/0005.pdf , page1 used on input line 219.
(pdftex.def)             Requested size: 614.29349pt x 794.96806pt.
File: papers/0005.pdf Graphic file (type pdf)
<use papers/0005.pdf, page 1>
Package pdftex.def Info: papers/0005.pdf , page1 used on input line 219.
(pdftex.def)             Requested size: 614.29349pt x 794.96806pt.
File: papers/0005.pdf Graphic file (type pdf)
<use papers/0005.pdf, page 1>
Package pdftex.def Info: papers/0005.pdf , page1 used on input line 219.
(pdftex.def)             Requested size: 614.29349pt x 794.96806pt.


Package hyperref Warning: Token not allowed in a PDF string (Unicode):
(hyperref)                removing `\@normalcr' on input line 219.


Underfull \hbox (badness 10000) in paragraph at lines 219--219

 []



File: papers/0005.pdf Graphic file (type pdf)
<use papers/0005.pdf, page 1>
Package pdftex.def Info: papers/0005.pdf , page1 used on input line 219.
(pdftex.def)             Requested size: 614.29349pt x 794.96806pt.
[39


 <./papers/0005.pdf>]
File: papers/0005.pdf Graphic file (type pdf)
<use papers/0005.pdf>
Package pdftex.def Info: papers/0005.pdf  used on input line 219.
(pdftex.def)             Requested size: 614.29349pt x 794.96806pt.
<papers/0005.pdf, id=740, page=2, 614.295pt x 794.97pt>
File: papers/0005.pdf Graphic file (type pdf)
<use papers/0005.pdf, page 2>
Package pdftex.def Info: papers/0005.pdf , page2 used on input line 219.
(pdftex.def)             Requested size: 614.29349pt x 794.96806pt.
File: papers/0005.pdf Graphic file (type pdf)
<use papers/0005.pdf, page 2>
Package pdftex.def Info: papers/0005.pdf , page2 used on input line 219.
(pdftex.def)             Requested size: 614.29349pt x 794.96806pt.
File: papers/0005.pdf Graphic file (type pdf)
<use papers/0005.pdf, page 2>
Package pdftex.def Info: papers/0005.pdf , page2 used on input line 219.
(pdftex.def)             Requested size: 614.29349pt x 794.96806pt.


File: papers/0005.pdf Graphic file (type pdf)
<use papers/0005.pdf, page 2>
Package pdftex.def Info: papers/0005.pdf , page2 used on input line 219.
(pdftex.def)             Requested size: 614.29349pt x 794.96806pt.
[40

 <./papers/0005.pdf>]
<papers/0005.pdf, id=756, page=3, 614.295pt x 794.97pt>
File: papers/0005.pdf Graphic file (type pdf)
<use papers/0005.pdf, page 3>
Package pdftex.def Info: papers/0005.pdf , page3 used on input line 219.
(pdftex.def)             Requested size: 614.29349pt x 794.96806pt.
File: papers/0005.pdf Graphic file (type pdf)
<use papers/0005.pdf, page 3>
Package pdftex.def Info: papers/0005.pdf , page3 used on input line 219.
(pdftex.def)             Requested size: 614.29349pt x 794.96806pt.


File: papers/0005.pdf Graphic file (type pdf)
<use papers/0005.pdf, page 3>
Package pdftex.def Info: papers/0005.pdf , page3 used on input line 219.
(pdftex.def)             Requested size: 614.29349pt x 794.96806pt.
[41

 <./papers/0005.pdf>]
<papers/0005.pdf, id=770, page=4, 614.295pt x 794.97pt>
File: papers/0005.pdf Graphic file (type pdf)
<use papers/0005.pdf, page 4>
Package pdftex.def Info: papers/0005.pdf , page4 used on input line 219.
(pdftex.def)             Requested size: 614.29349pt x 794.96806pt.
File: papers/0005.pdf Graphic file (type pdf)
<use papers/0005.pdf, page 4>
Package pdftex.def Info: papers/0005.pdf , page4 used on input line 219.
(pdftex.def)             Requested size: 614.29349pt x 794.96806pt.


File: papers/0005.pdf Graphic file (type pdf)
<use papers/0005.pdf, page 4>
Package pdftex.def Info: papers/0005.pdf , page4 used on input line 219.
(pdftex.def)             Requested size: 614.29349pt x 794.96806pt.
[42

 <./papers/0005.pdf>]
<papers/0006.pdf, id=777, 614.295pt x 794.97pt>
File: papers/0006.pdf Graphic file (type pdf)
<use papers/0006.pdf>
Package pdftex.def Info: papers/0006.pdf  used on input line 225.
(pdftex.def)             Requested size: 614.29349pt x 794.96806pt.
<papers/0006.pdf, id=779, page=1, 614.295pt x 794.97pt>
File: papers/0006.pdf Graphic file (type pdf)
<use papers/0006.pdf, page 1>
Package pdftex.def Info: papers/0006.pdf , page1 used on input line 225.
(pdftex.def)             Requested size: 614.29349pt x 794.96806pt.
File: papers/0006.pdf Graphic file (type pdf)
<use papers/0006.pdf, page 1>
Package pdftex.def Info: papers/0006.pdf , page1 used on input line 225.
(pdftex.def)             Requested size: 614.29349pt x 794.96806pt.
File: papers/0006.pdf Graphic file (type pdf)
<use papers/0006.pdf, page 1>
Package pdftex.def Info: papers/0006.pdf , page1 used on input line 225.
(pdftex.def)             Requested size: 614.29349pt x 794.96806pt.


Package hyperref Warning: Token not allowed in a PDF string (Unicode):
(hyperref)                removing `\@normalcr' on input line 225.


Underfull \hbox (badness 10000) in paragraph at lines 225--225

 []



File: papers/0006.pdf Graphic file (type pdf)
<use papers/0006.pdf, page 1>
Package pdftex.def Info: papers/0006.pdf , page1 used on input line 225.
(pdftex.def)             Requested size: 614.29349pt x 794.96806pt.
[43


 <./papers/0006.pdf>]
File: papers/0006.pdf Graphic file (type pdf)
<use papers/0006.pdf>
Package pdftex.def Info: papers/0006.pdf  used on input line 225.
(pdftex.def)             Requested size: 614.29349pt x 794.96806pt.
<papers/0006.pdf, id=827, page=2, 614.295pt x 794.97pt>
File: papers/0006.pdf Graphic file (type pdf)
<use papers/0006.pdf, page 2>
Package pdftex.def Info: papers/0006.pdf , page2 used on input line 225.
(pdftex.def)             Requested size: 614.29349pt x 794.96806pt.
File: papers/0006.pdf Graphic file (type pdf)
<use papers/0006.pdf, page 2>
Package pdftex.def Info: papers/0006.pdf , page2 used on input line 225.
(pdftex.def)             Requested size: 614.29349pt x 794.96806pt.
File: papers/0006.pdf Graphic file (type pdf)
<use papers/0006.pdf, page 2>
Package pdftex.def Info: papers/0006.pdf , page2 used on input line 225.
(pdftex.def)             Requested size: 614.29349pt x 794.96806pt.


File: papers/0006.pdf Graphic file (type pdf)
<use papers/0006.pdf, page 2>
Package pdftex.def Info: papers/0006.pdf , page2 used on input line 225.
(pdftex.def)             Requested size: 614.29349pt x 794.96806pt.
[44

 <./papers/0006.pdf>]
<papers/0006.pdf, id=856, page=3, 614.295pt x 794.97pt>
File: papers/0006.pdf Graphic file (type pdf)
<use papers/0006.pdf, page 3>
Package pdftex.def Info: papers/0006.pdf , page3 used on input line 225.
(pdftex.def)             Requested size: 614.29349pt x 794.96806pt.
File: papers/0006.pdf Graphic file (type pdf)
<use papers/0006.pdf, page 3>
Package pdftex.def Info: papers/0006.pdf , page3 used on input line 225.
(pdftex.def)             Requested size: 614.29349pt x 794.96806pt.


File: papers/0006.pdf Graphic file (type pdf)
<use papers/0006.pdf, page 3>
Package pdftex.def Info: papers/0006.pdf , page3 used on input line 225.
(pdftex.def)             Requested size: 614.29349pt x 794.96806pt.
[45

 <./papers/0006.pdf>]
<papers/0006.pdf, id=867, page=4, 614.295pt x 794.97pt>
File: papers/0006.pdf Graphic file (type pdf)
<use papers/0006.pdf, page 4>
Package pdftex.def Info: papers/0006.pdf , page4 used on input line 225.
(pdftex.def)             Requested size: 614.29349pt x 794.96806pt.
File: papers/0006.pdf Graphic file (type pdf)
<use papers/0006.pdf, page 4>
Package pdftex.def Info: papers/0006.pdf , page4 used on input line 225.
(pdftex.def)             Requested size: 614.29349pt x 794.96806pt.


File: papers/0006.pdf Graphic file (type pdf)
<use papers/0006.pdf, page 4>
Package pdftex.def Info: papers/0006.pdf , page4 used on input line 225.
(pdftex.def)             Requested size: 614.29349pt x 794.96806pt.
[46

 <./papers/0006.pdf>]
<papers/0006.pdf, id=880, page=5, 614.295pt x 794.97pt>
File: papers/0006.pdf Graphic file (type pdf)
<use papers/0006.pdf, page 5>
Package pdftex.def Info: papers/0006.pdf , page5 used on input line 225.
(pdftex.def)             Requested size: 614.29349pt x 794.96806pt.
File: papers/0006.pdf Graphic file (type pdf)
<use papers/0006.pdf, page 5>
Package pdftex.def Info: papers/0006.pdf , page5 used on input line 225.
(pdftex.def)             Requested size: 614.29349pt x 794.96806pt.


File: papers/0006.pdf Graphic file (type pdf)
<use papers/0006.pdf, page 5>
Package pdftex.def Info: papers/0006.pdf , page5 used on input line 225.
(pdftex.def)             Requested size: 614.29349pt x 794.96806pt.
[47

 <./papers/0006.pdf>]
<papers/0006.pdf, id=903, page=6, 614.295pt x 794.97pt>
File: papers/0006.pdf Graphic file (type pdf)
<use papers/0006.pdf, page 6>
Package pdftex.def Info: papers/0006.pdf , page6 used on input line 225.
(pdftex.def)             Requested size: 614.29349pt x 794.96806pt.
File: papers/0006.pdf Graphic file (type pdf)
<use papers/0006.pdf, page 6>
Package pdftex.def Info: papers/0006.pdf , page6 used on input line 225.
(pdftex.def)             Requested size: 614.29349pt x 794.96806pt.


File: papers/0006.pdf Graphic file (type pdf)
<use papers/0006.pdf, page 6>
Package pdftex.def Info: papers/0006.pdf , page6 used on input line 225.
(pdftex.def)             Requested size: 614.29349pt x 794.96806pt.
[48

 <./papers/0006.pdf>]
<papers/0006.pdf, id=912, page=7, 614.295pt x 794.97pt>
File: papers/0006.pdf Graphic file (type pdf)
<use papers/0006.pdf, page 7>
Package pdftex.def Info: papers/0006.pdf , page7 used on input line 225.
(pdftex.def)             Requested size: 614.29349pt x 794.96806pt.
File: papers/0006.pdf Graphic file (type pdf)
<use papers/0006.pdf, page 7>
Package pdftex.def Info: papers/0006.pdf , page7 used on input line 225.
(pdftex.def)             Requested size: 614.29349pt x 794.96806pt.


File: papers/0006.pdf Graphic file (type pdf)
<use papers/0006.pdf, page 7>
Package pdftex.def Info: papers/0006.pdf , page7 used on input line 225.
(pdftex.def)             Requested size: 614.29349pt x 794.96806pt.
[49

 <./papers/0006.pdf>]

[50

]
<papers/0007.pdf, id=922, 614.295pt x 794.97pt>
File: papers/0007.pdf Graphic file (type pdf)
<use papers/0007.pdf>
Package pdftex.def Info: papers/0007.pdf  used on input line 231.
(pdftex.def)             Requested size: 614.29349pt x 794.96806pt.
<papers/0007.pdf, id=924, page=1, 614.295pt x 794.97pt>
File: papers/0007.pdf Graphic file (type pdf)
<use papers/0007.pdf, page 1>
Package pdftex.def Info: papers/0007.pdf , page1 used on input line 231.
(pdftex.def)             Requested size: 614.29349pt x 794.96806pt.
File: papers/0007.pdf Graphic file (type pdf)
<use papers/0007.pdf, page 1>
Package pdftex.def Info: papers/0007.pdf , page1 used on input line 231.
(pdftex.def)             Requested size: 614.29349pt x 794.96806pt.
File: papers/0007.pdf Graphic file (type pdf)
<use papers/0007.pdf, page 1>
Package pdftex.def Info: papers/0007.pdf , page1 used on input line 231.
(pdftex.def)             Requested size: 614.29349pt x 794.96806pt.


Package hyperref Warning: Token not allowed in a PDF string (Unicode):
(hyperref)                removing `\@normalcr' on input line 231.


Underfull \hbox (badness 10000) in paragraph at lines 231--231

 []



File: papers/0007.pdf Graphic file (type pdf)
<use papers/0007.pdf, page 1>
Package pdftex.def Info: papers/0007.pdf , page1 used on input line 231.
(pdftex.def)             Requested size: 614.29349pt x 794.96806pt.
[51

 <./papers/0007.pdf>]
File: papers/0007.pdf Graphic file (type pdf)
<use papers/0007.pdf>
Package pdftex.def Info: papers/0007.pdf  used on input line 231.
(pdftex.def)             Requested size: 614.29349pt x 794.96806pt.
<papers/0007.pdf, id=965, page=2, 614.295pt x 794.97pt>
File: papers/0007.pdf Graphic file (type pdf)
<use papers/0007.pdf, page 2>
Package pdftex.def Info: papers/0007.pdf , page2 used on input line 231.
(pdftex.def)             Requested size: 614.29349pt x 794.96806pt.
File: papers/0007.pdf Graphic file (type pdf)
<use papers/0007.pdf, page 2>
Package pdftex.def Info: papers/0007.pdf , page2 used on input line 231.
(pdftex.def)             Requested size: 614.29349pt x 794.96806pt.
File: papers/0007.pdf Graphic file (type pdf)
<use papers/0007.pdf, page 2>
Package pdftex.def Info: papers/0007.pdf , page2 used on input line 231.
(pdftex.def)             Requested size: 614.29349pt x 794.96806pt.


File: papers/0007.pdf Graphic file (type pdf)
<use papers/0007.pdf, page 2>
Package pdftex.def Info: papers/0007.pdf , page2 used on input line 231.
(pdftex.def)             Requested size: 614.29349pt x 794.96806pt.
[52

 <./papers/0007.pdf>]
<papers/0007.pdf, id=979, page=3, 614.295pt x 794.97pt>
File: papers/0007.pdf Graphic file (type pdf)
<use papers/0007.pdf, page 3>
Package pdftex.def Info: papers/0007.pdf , page3 used on input line 231.
(pdftex.def)             Requested size: 614.29349pt x 794.96806pt.
File: papers/0007.pdf Graphic file (type pdf)
<use papers/0007.pdf, page 3>
Package pdftex.def Info: papers/0007.pdf , page3 used on input line 231.
(pdftex.def)             Requested size: 614.29349pt x 794.96806pt.


File: papers/0007.pdf Graphic file (type pdf)
<use papers/0007.pdf, page 3>
Package pdftex.def Info: papers/0007.pdf , page3 used on input line 231.
(pdftex.def)             Requested size: 614.29349pt x 794.96806pt.
[53

 <./papers/0007.pdf>]
<papers/0007.pdf, id=990, page=4, 614.295pt x 794.97pt>
File: papers/0007.pdf Graphic file (type pdf)
<use papers/0007.pdf, page 4>
Package pdftex.def Info: papers/0007.pdf , page4 used on input line 231.
(pdftex.def)             Requested size: 614.29349pt x 794.96806pt.
File: papers/0007.pdf Graphic file (type pdf)
<use papers/0007.pdf, page 4>
Package pdftex.def Info: papers/0007.pdf , page4 used on input line 231.
(pdftex.def)             Requested size: 614.29349pt x 794.96806pt.


File: papers/0007.pdf Graphic file (type pdf)
<use papers/0007.pdf, page 4>
Package pdftex.def Info: papers/0007.pdf , page4 used on input line 231.
(pdftex.def)             Requested size: 614.29349pt x 794.96806pt.
[54

 <./papers/0007.pdf>]
<papers/0007.pdf, id=1000, page=5, 614.295pt x 794.97pt>
File: papers/0007.pdf Graphic file (type pdf)
<use papers/0007.pdf, page 5>
Package pdftex.def Info: papers/0007.pdf , page5 used on input line 231.
(pdftex.def)             Requested size: 614.29349pt x 794.96806pt.
File: papers/0007.pdf Graphic file (type pdf)
<use papers/0007.pdf, page 5>
Package pdftex.def Info: papers/0007.pdf , page5 used on input line 231.
(pdftex.def)             Requested size: 614.29349pt x 794.96806pt.


File: papers/0007.pdf Graphic file (type pdf)
<use papers/0007.pdf, page 5>
Package pdftex.def Info: papers/0007.pdf , page5 used on input line 231.
(pdftex.def)             Requested size: 614.29349pt x 794.96806pt.
[55

 <./papers/0007.pdf>]

[56

]
<papers/0008.pdf, id=1011, 614.295pt x 794.97pt>
File: papers/0008.pdf Graphic file (type pdf)
<use papers/0008.pdf>
Package pdftex.def Info: papers/0008.pdf  used on input line 237.
(pdftex.def)             Requested size: 614.29349pt x 794.96806pt.
<papers/0008.pdf, id=1013, page=1, 614.295pt x 794.97pt>
File: papers/0008.pdf Graphic file (type pdf)
<use papers/0008.pdf, page 1>
Package pdftex.def Info: papers/0008.pdf , page1 used on input line 237.
(pdftex.def)             Requested size: 614.29349pt x 794.96806pt.
File: papers/0008.pdf Graphic file (type pdf)
<use papers/0008.pdf, page 1>
Package pdftex.def Info: papers/0008.pdf , page1 used on input line 237.
(pdftex.def)             Requested size: 614.29349pt x 794.96806pt.
File: papers/0008.pdf Graphic file (type pdf)
<use papers/0008.pdf, page 1>
Package pdftex.def Info: papers/0008.pdf , page1 used on input line 237.
(pdftex.def)             Requested size: 614.29349pt x 794.96806pt.


Package hyperref Warning: Token not allowed in a PDF string (Unicode):
(hyperref)                removing `\@normalcr' on input line 237.


Underfull \hbox (badness 10000) in paragraph at lines 237--237

 []



File: papers/0008.pdf Graphic file (type pdf)
<use papers/0008.pdf, page 1>
Package pdftex.def Info: papers/0008.pdf , page1 used on input line 237.
(pdftex.def)             Requested size: 614.29349pt x 794.96806pt.
[57

 <./papers/0008.pdf>]
File: papers/0008.pdf Graphic file (type pdf)
<use papers/0008.pdf>
Package pdftex.def Info: papers/0008.pdf  used on input line 237.
(pdftex.def)             Requested size: 614.29349pt x 794.96806pt.
<papers/0008.pdf, id=1054, page=2, 614.295pt x 794.97pt>
File: papers/0008.pdf Graphic file (type pdf)
<use papers/0008.pdf, page 2>
Package pdftex.def Info: papers/0008.pdf , page2 used on input line 237.
(pdftex.def)             Requested size: 614.29349pt x 794.96806pt.
File: papers/0008.pdf Graphic file (type pdf)
<use papers/0008.pdf, page 2>
Package pdftex.def Info: papers/0008.pdf , page2 used on input line 237.
(pdftex.def)             Requested size: 614.29349pt x 794.96806pt.
File: papers/0008.pdf Graphic file (type pdf)
<use papers/0008.pdf, page 2>
Package pdftex.def Info: papers/0008.pdf , page2 used on input line 237.
(pdftex.def)             Requested size: 614.29349pt x 794.96806pt.


File: papers/0008.pdf Graphic file (type pdf)
<use papers/0008.pdf, page 2>
Package pdftex.def Info: papers/0008.pdf , page2 used on input line 237.
(pdftex.def)             Requested size: 614.29349pt x 794.96806pt.
[58

 <./papers/0008.pdf>]
<papers/0008.pdf, id=1067, page=3, 614.295pt x 794.97pt>
File: papers/0008.pdf Graphic file (type pdf)
<use papers/0008.pdf, page 3>
Package pdftex.def Info: papers/0008.pdf , page3 used on input line 237.
(pdftex.def)             Requested size: 614.29349pt x 794.96806pt.
File: papers/0008.pdf Graphic file (type pdf)
<use papers/0008.pdf, page 3>
Package pdftex.def Info: papers/0008.pdf , page3 used on input line 237.
(pdftex.def)             Requested size: 614.29349pt x 794.96806pt.


File: papers/0008.pdf Graphic file (type pdf)
<use papers/0008.pdf, page 3>
Package pdftex.def Info: papers/0008.pdf , page3 used on input line 237.
(pdftex.def)             Requested size: 614.29349pt x 794.96806pt.
[59

 <./papers/0008.pdf>]
<papers/0008.pdf, id=1076, page=4, 614.295pt x 794.97pt>
File: papers/0008.pdf Graphic file (type pdf)
<use papers/0008.pdf, page 4>
Package pdftex.def Info: papers/0008.pdf , page4 used on input line 237.
(pdftex.def)             Requested size: 614.29349pt x 794.96806pt.
File: papers/0008.pdf Graphic file (type pdf)
<use papers/0008.pdf, page 4>
Package pdftex.def Info: papers/0008.pdf , page4 used on input line 237.
(pdftex.def)             Requested size: 614.29349pt x 794.96806pt.


File: papers/0008.pdf Graphic file (type pdf)
<use papers/0008.pdf, page 4>
Package pdftex.def Info: papers/0008.pdf , page4 used on input line 237.
(pdftex.def)             Requested size: 614.29349pt x 794.96806pt.
[60

 <./papers/0008.pdf>]
<papers/0008.pdf, id=1085, page=5, 614.295pt x 794.97pt>
File: papers/0008.pdf Graphic file (type pdf)
<use papers/0008.pdf, page 5>
Package pdftex.def Info: papers/0008.pdf , page5 used on input line 237.
(pdftex.def)             Requested size: 614.29349pt x 794.96806pt.
File: papers/0008.pdf Graphic file (type pdf)
<use papers/0008.pdf, page 5>
Package pdftex.def Info: papers/0008.pdf , page5 used on input line 237.
(pdftex.def)             Requested size: 614.29349pt x 794.96806pt.


File: papers/0008.pdf Graphic file (type pdf)
<use papers/0008.pdf, page 5>
Package pdftex.def Info: papers/0008.pdf , page5 used on input line 237.
(pdftex.def)             Requested size: 614.29349pt x 794.96806pt.
[61

 <./papers/0008.pdf>]

[62

]
<papers/0009.pdf, id=1095, 614.295pt x 794.97pt>
File: papers/0009.pdf Graphic file (type pdf)
<use papers/0009.pdf>
Package pdftex.def Info: papers/0009.pdf  used on input line 243.
(pdftex.def)             Requested size: 614.29349pt x 794.96806pt.
<papers/0009.pdf, id=1097, page=1, 614.295pt x 794.97pt>
File: papers/0009.pdf Graphic file (type pdf)
<use papers/0009.pdf, page 1>
Package pdftex.def Info: papers/0009.pdf , page1 used on input line 243.
(pdftex.def)             Requested size: 614.29349pt x 794.96806pt.
File: papers/0009.pdf Graphic file (type pdf)
<use papers/0009.pdf, page 1>
Package pdftex.def Info: papers/0009.pdf , page1 used on input line 243.
(pdftex.def)             Requested size: 614.29349pt x 794.96806pt.
File: papers/0009.pdf Graphic file (type pdf)
<use papers/0009.pdf, page 1>
Package pdftex.def Info: papers/0009.pdf , page1 used on input line 243.
(pdftex.def)             Requested size: 614.29349pt x 794.96806pt.


Package hyperref Warning: Token not allowed in a PDF string (Unicode):
(hyperref)                removing `\@normalcr' on input line 243.


Underfull \hbox (badness 10000) in paragraph at lines 243--243

 []



File: papers/0009.pdf Graphic file (type pdf)
<use papers/0009.pdf, page 1>
Package pdftex.def Info: papers/0009.pdf , page1 used on input line 243.
(pdftex.def)             Requested size: 614.29349pt x 794.96806pt.
[63

 <./papers/0009.pdf>]
File: papers/0009.pdf Graphic file (type pdf)
<use papers/0009.pdf>
Package pdftex.def Info: papers/0009.pdf  used on input line 243.
(pdftex.def)             Requested size: 614.29349pt x 794.96806pt.
<papers/0009.pdf, id=1138, page=2, 614.295pt x 794.97pt>
File: papers/0009.pdf Graphic file (type pdf)
<use papers/0009.pdf, page 2>
Package pdftex.def Info: papers/0009.pdf , page2 used on input line 243.
(pdftex.def)             Requested size: 614.29349pt x 794.96806pt.
File: papers/0009.pdf Graphic file (type pdf)
<use papers/0009.pdf, page 2>
Package pdftex.def Info: papers/0009.pdf , page2 used on input line 243.
(pdftex.def)             Requested size: 614.29349pt x 794.96806pt.
File: papers/0009.pdf Graphic file (type pdf)
<use papers/0009.pdf, page 2>
Package pdftex.def Info: papers/0009.pdf , page2 used on input line 243.
(pdftex.def)             Requested size: 614.29349pt x 794.96806pt.


File: papers/0009.pdf Graphic file (type pdf)
<use papers/0009.pdf, page 2>
Package pdftex.def Info: papers/0009.pdf , page2 used on input line 243.
(pdftex.def)             Requested size: 614.29349pt x 794.96806pt.
[64

 <./papers/0009.pdf>]
<papers/0009.pdf, id=1164, page=3, 614.295pt x 794.97pt>
File: papers/0009.pdf Graphic file (type pdf)
<use papers/0009.pdf, page 3>
Package pdftex.def Info: papers/0009.pdf , page3 used on input line 243.
(pdftex.def)             Requested size: 614.29349pt x 794.96806pt.
File: papers/0009.pdf Graphic file (type pdf)
<use papers/0009.pdf, page 3>
Package pdftex.def Info: papers/0009.pdf , page3 used on input line 243.
(pdftex.def)             Requested size: 614.29349pt x 794.96806pt.


File: papers/0009.pdf Graphic file (type pdf)
<use papers/0009.pdf, page 3>
Package pdftex.def Info: papers/0009.pdf , page3 used on input line 243.
(pdftex.def)             Requested size: 614.29349pt x 794.96806pt.
[65

 <./papers/0009.pdf>]
<papers/0009.pdf, id=1170, page=4, 614.295pt x 794.97pt>
File: papers/0009.pdf Graphic file (type pdf)
<use papers/0009.pdf, page 4>
Package pdftex.def Info: papers/0009.pdf , page4 used on input line 243.
(pdftex.def)             Requested size: 614.29349pt x 794.96806pt.
File: papers/0009.pdf Graphic file (type pdf)
<use papers/0009.pdf, page 4>
Package pdftex.def Info: papers/0009.pdf , page4 used on input line 243.
(pdftex.def)             Requested size: 614.29349pt x 794.96806pt.


File: papers/0009.pdf Graphic file (type pdf)
<use papers/0009.pdf, page 4>
Package pdftex.def Info: papers/0009.pdf , page4 used on input line 243.
(pdftex.def)             Requested size: 614.29349pt x 794.96806pt.
[66

 <./papers/0009.pdf>]
<papers/0009.pdf, id=1180, page=5, 614.295pt x 794.97pt>
File: papers/0009.pdf Graphic file (type pdf)
<use papers/0009.pdf, page 5>
Package pdftex.def Info: papers/0009.pdf , page5 used on input line 243.
(pdftex.def)             Requested size: 614.29349pt x 794.96806pt.
File: papers/0009.pdf Graphic file (type pdf)
<use papers/0009.pdf, page 5>
Package pdftex.def Info: papers/0009.pdf , page5 used on input line 243.
(pdftex.def)             Requested size: 614.29349pt x 794.96806pt.


File: papers/0009.pdf Graphic file (type pdf)
<use papers/0009.pdf, page 5>
Package pdftex.def Info: papers/0009.pdf , page5 used on input line 243.
(pdftex.def)             Requested size: 614.29349pt x 794.96806pt.
[67

 <./papers/0009.pdf>]

[68

]
<papers/0010.pdf, id=1190, 614.295pt x 794.97pt>
File: papers/0010.pdf Graphic file (type pdf)
<use papers/0010.pdf>
Package pdftex.def Info: papers/0010.pdf  used on input line 249.
(pdftex.def)             Requested size: 614.29349pt x 794.96806pt.
<papers/0010.pdf, id=1192, page=1, 614.295pt x 794.97pt>
File: papers/0010.pdf Graphic file (type pdf)
<use papers/0010.pdf, page 1>
Package pdftex.def Info: papers/0010.pdf , page1 used on input line 249.
(pdftex.def)             Requested size: 614.29349pt x 794.96806pt.
File: papers/0010.pdf Graphic file (type pdf)
<use papers/0010.pdf, page 1>
Package pdftex.def Info: papers/0010.pdf , page1 used on input line 249.
(pdftex.def)             Requested size: 614.29349pt x 794.96806pt.
File: papers/0010.pdf Graphic file (type pdf)
<use papers/0010.pdf, page 1>
Package pdftex.def Info: papers/0010.pdf , page1 used on input line 249.
(pdftex.def)             Requested size: 614.29349pt x 794.96806pt.


Package hyperref Warning: Token not allowed in a PDF string (Unicode):
(hyperref)                removing `\@normalcr' on input line 249.


Underfull \hbox (badness 10000) in paragraph at lines 249--249

 []



File: papers/0010.pdf Graphic file (type pdf)
<use papers/0010.pdf, page 1>
Package pdftex.def Info: papers/0010.pdf , page1 used on input line 249.
(pdftex.def)             Requested size: 614.29349pt x 794.96806pt.
[69

 <./papers/0010.pdf>]
File: papers/0010.pdf Graphic file (type pdf)
<use papers/0010.pdf>
Package pdftex.def Info: papers/0010.pdf  used on input line 249.
(pdftex.def)             Requested size: 614.29349pt x 794.96806pt.
<papers/0010.pdf, id=1229, page=2, 614.295pt x 794.97pt>
File: papers/0010.pdf Graphic file (type pdf)
<use papers/0010.pdf, page 2>
Package pdftex.def Info: papers/0010.pdf , page2 used on input line 249.
(pdftex.def)             Requested size: 614.29349pt x 794.96806pt.
File: papers/0010.pdf Graphic file (type pdf)
<use papers/0010.pdf, page 2>
Package pdftex.def Info: papers/0010.pdf , page2 used on input line 249.
(pdftex.def)             Requested size: 614.29349pt x 794.96806pt.
File: papers/0010.pdf Graphic file (type pdf)
<use papers/0010.pdf, page 2>
Package pdftex.def Info: papers/0010.pdf , page2 used on input line 249.
(pdftex.def)             Requested size: 614.29349pt x 794.96806pt.


File: papers/0010.pdf Graphic file (type pdf)
<use papers/0010.pdf, page 2>
Package pdftex.def Info: papers/0010.pdf , page2 used on input line 249.
(pdftex.def)             Requested size: 614.29349pt x 794.96806pt.
[70

 <./papers/0010.pdf>]
<papers/0010.pdf, id=1239, page=3, 614.295pt x 794.97pt>
File: papers/0010.pdf Graphic file (type pdf)
<use papers/0010.pdf, page 3>
Package pdftex.def Info: papers/0010.pdf , page3 used on input line 249.
(pdftex.def)             Requested size: 614.29349pt x 794.96806pt.
File: papers/0010.pdf Graphic file (type pdf)
<use papers/0010.pdf, page 3>
Package pdftex.def Info: papers/0010.pdf , page3 used on input line 249.
(pdftex.def)             Requested size: 614.29349pt x 794.96806pt.


File: papers/0010.pdf Graphic file (type pdf)
<use papers/0010.pdf, page 3>
Package pdftex.def Info: papers/0010.pdf , page3 used on input line 249.
(pdftex.def)             Requested size: 614.29349pt x 794.96806pt.
[71

 <./papers/0010.pdf>]
<papers/0010.pdf, id=1245, page=4, 614.295pt x 794.97pt>
File: papers/0010.pdf Graphic file (type pdf)
<use papers/0010.pdf, page 4>
Package pdftex.def Info: papers/0010.pdf , page4 used on input line 249.
(pdftex.def)             Requested size: 614.29349pt x 794.96806pt.
File: papers/0010.pdf Graphic file (type pdf)
<use papers/0010.pdf, page 4>
Package pdftex.def Info: papers/0010.pdf , page4 used on input line 249.
(pdftex.def)             Requested size: 614.29349pt x 794.96806pt.


File: papers/0010.pdf Graphic file (type pdf)
<use papers/0010.pdf, page 4>
Package pdftex.def Info: papers/0010.pdf , page4 used on input line 249.
(pdftex.def)             Requested size: 614.29349pt x 794.96806pt.
[72

 <./papers/0010.pdf>]
<papers/0010.pdf, id=1255, page=5, 614.295pt x 794.97pt>
File: papers/0010.pdf Graphic file (type pdf)
<use papers/0010.pdf, page 5>
Package pdftex.def Info: papers/0010.pdf , page5 used on input line 249.
(pdftex.def)             Requested size: 614.29349pt x 794.96806pt.
File: papers/0010.pdf Graphic file (type pdf)
<use papers/0010.pdf, page 5>
Package pdftex.def Info: papers/0010.pdf , page5 used on input line 249.
(pdftex.def)             Requested size: 614.29349pt x 794.96806pt.


File: papers/0010.pdf Graphic file (type pdf)
<use papers/0010.pdf, page 5>
Package pdftex.def Info: papers/0010.pdf , page5 used on input line 249.
(pdftex.def)             Requested size: 614.29349pt x 794.96806pt.
[73

 <./papers/0010.pdf>]
<papers/0010.pdf, id=1261, page=6, 614.295pt x 794.97pt>
File: papers/0010.pdf Graphic file (type pdf)
<use papers/0010.pdf, page 6>
Package pdftex.def Info: papers/0010.pdf , page6 used on input line 249.
(pdftex.def)             Requested size: 614.29349pt x 794.96806pt.
File: papers/0010.pdf Graphic file (type pdf)
<use papers/0010.pdf, page 6>
Package pdftex.def Info: papers/0010.pdf , page6 used on input line 249.
(pdftex.def)             Requested size: 614.29349pt x 794.96806pt.


File: papers/0010.pdf Graphic file (type pdf)
<use papers/0010.pdf, page 6>
Package pdftex.def Info: papers/0010.pdf , page6 used on input line 249.
(pdftex.def)             Requested size: 614.29349pt x 794.96806pt.
[74

 <./papers/0010.pdf>]
<papers/0010.pdf, id=1274, page=7, 614.295pt x 794.97pt>
File: papers/0010.pdf Graphic file (type pdf)
<use papers/0010.pdf, page 7>
Package pdftex.def Info: papers/0010.pdf , page7 used on input line 249.
(pdftex.def)             Requested size: 614.29349pt x 794.96806pt.
File: papers/0010.pdf Graphic file (type pdf)
<use papers/0010.pdf, page 7>
Package pdftex.def Info: papers/0010.pdf , page7 used on input line 249.
(pdftex.def)             Requested size: 614.29349pt x 794.96806pt.


File: papers/0010.pdf Graphic file (type pdf)
<use papers/0010.pdf, page 7>
Package pdftex.def Info: papers/0010.pdf , page7 used on input line 249.
(pdftex.def)             Requested size: 614.29349pt x 794.96806pt.
[75

 <./papers/0010.pdf>]
<papers/0010.pdf, id=1281, page=8, 614.295pt x 794.97pt>
File: papers/0010.pdf Graphic file (type pdf)
<use papers/0010.pdf, page 8>
Package pdftex.def Info: papers/0010.pdf , page8 used on input line 249.
(pdftex.def)             Requested size: 614.29349pt x 794.96806pt.
File: papers/0010.pdf Graphic file (type pdf)
<use papers/0010.pdf, page 8>
Package pdftex.def Info: papers/0010.pdf , page8 used on input line 249.
(pdftex.def)             Requested size: 614.29349pt x 794.96806pt.


File: papers/0010.pdf Graphic file (type pdf)
<use papers/0010.pdf, page 8>
Package pdftex.def Info: papers/0010.pdf , page8 used on input line 249.
(pdftex.def)             Requested size: 614.29349pt x 794.96806pt.
[76

 <./papers/0010.pdf>]
<papers/0010.pdf, id=1287, page=9, 614.295pt x 794.97pt>
File: papers/0010.pdf Graphic file (type pdf)
<use papers/0010.pdf, page 9>
Package pdftex.def Info: papers/0010.pdf , page9 used on input line 249.
(pdftex.def)             Requested size: 614.29349pt x 794.96806pt.
File: papers/0010.pdf Graphic file (type pdf)
<use papers/0010.pdf, page 9>
Package pdftex.def Info: papers/0010.pdf , page9 used on input line 249.
(pdftex.def)             Requested size: 614.29349pt x 794.96806pt.


File: papers/0010.pdf Graphic file (type pdf)
<use papers/0010.pdf, page 9>
Package pdftex.def Info: papers/0010.pdf , page9 used on input line 249.
(pdftex.def)             Requested size: 614.29349pt x 794.96806pt.
[77

 <./papers/0010.pdf>]
<papers/0010.pdf, id=1295, page=10, 614.295pt x 794.97pt>
File: papers/0010.pdf Graphic file (type pdf)
<use papers/0010.pdf, page 10>
Package pdftex.def Info: papers/0010.pdf , page10 used on input line 249.
(pdftex.def)             Requested size: 614.29349pt x 794.96806pt.
File: papers/0010.pdf Graphic file (type pdf)
<use papers/0010.pdf, page 10>
Package pdftex.def Info: papers/0010.pdf , page10 used on input line 249.
(pdftex.def)             Requested size: 614.29349pt x 794.96806pt.


File: papers/0010.pdf Graphic file (type pdf)
<use papers/0010.pdf, page 10>
Package pdftex.def Info: papers/0010.pdf , page10 used on input line 249.
(pdftex.def)             Requested size: 614.29349pt x 794.96806pt.
[78

 <./papers/0010.pdf>]
<papers/0011.pdf, id=1301, 614.295pt x 794.97pt>
File: papers/0011.pdf Graphic file (type pdf)
<use papers/0011.pdf>
Package pdftex.def Info: papers/0011.pdf  used on input line 255.
(pdftex.def)             Requested size: 614.29349pt x 794.96806pt.
<papers/0011.pdf, id=1303, page=1, 614.295pt x 794.97pt>
File: papers/0011.pdf Graphic file (type pdf)
<use papers/0011.pdf, page 1>
Package pdftex.def Info: papers/0011.pdf , page1 used on input line 255.
(pdftex.def)             Requested size: 614.29349pt x 794.96806pt.
File: papers/0011.pdf Graphic file (type pdf)
<use papers/0011.pdf, page 1>
Package pdftex.def Info: papers/0011.pdf , page1 used on input line 255.
(pdftex.def)             Requested size: 614.29349pt x 794.96806pt.
File: papers/0011.pdf Graphic file (type pdf)
<use papers/0011.pdf, page 1>
Package pdftex.def Info: papers/0011.pdf , page1 used on input line 255.
(pdftex.def)             Requested size: 614.29349pt x 794.96806pt.


Package hyperref Warning: Token not allowed in a PDF string (Unicode):
(hyperref)                removing `\@normalcr' on input line 255.


Underfull \hbox (badness 10000) in paragraph at lines 255--255

 []



File: papers/0011.pdf Graphic file (type pdf)
<use papers/0011.pdf, page 1>
Package pdftex.def Info: papers/0011.pdf , page1 used on input line 255.
(pdftex.def)             Requested size: 614.29349pt x 794.96806pt.
[79


 <./papers/0011.pdf>]
File: papers/0011.pdf Graphic file (type pdf)
<use papers/0011.pdf>
Package pdftex.def Info: papers/0011.pdf  used on input line 255.
(pdftex.def)             Requested size: 614.29349pt x 794.96806pt.
<papers/0011.pdf, id=1340, page=2, 614.295pt x 794.97pt>
File: papers/0011.pdf Graphic file (type pdf)
<use papers/0011.pdf, page 2>
Package pdftex.def Info: papers/0011.pdf , page2 used on input line 255.
(pdftex.def)             Requested size: 614.29349pt x 794.96806pt.
File: papers/0011.pdf Graphic file (type pdf)
<use papers/0011.pdf, page 2>
Package pdftex.def Info: papers/0011.pdf , page2 used on input line 255.
(pdftex.def)             Requested size: 614.29349pt x 794.96806pt.
File: papers/0011.pdf Graphic file (type pdf)
<use papers/0011.pdf, page 2>
Package pdftex.def Info: papers/0011.pdf , page2 used on input line 255.
(pdftex.def)             Requested size: 614.29349pt x 794.96806pt.


File: papers/0011.pdf Graphic file (type pdf)
<use papers/0011.pdf, page 2>
Package pdftex.def Info: papers/0011.pdf , page2 used on input line 255.
(pdftex.def)             Requested size: 614.29349pt x 794.96806pt.
[80

 <./papers/0011.pdf>]
<papers/0011.pdf, id=1353, page=3, 614.295pt x 794.97pt>
File: papers/0011.pdf Graphic file (type pdf)
<use papers/0011.pdf, page 3>
Package pdftex.def Info: papers/0011.pdf , page3 used on input line 255.
(pdftex.def)             Requested size: 614.29349pt x 794.96806pt.
File: papers/0011.pdf Graphic file (type pdf)
<use papers/0011.pdf, page 3>
Package pdftex.def Info: papers/0011.pdf , page3 used on input line 255.
(pdftex.def)             Requested size: 614.29349pt x 794.96806pt.


File: papers/0011.pdf Graphic file (type pdf)
<use papers/0011.pdf, page 3>
Package pdftex.def Info: papers/0011.pdf , page3 used on input line 255.
(pdftex.def)             Requested size: 614.29349pt x 794.96806pt.
[81

 <./papers/0011.pdf>]
<papers/0011.pdf, id=1367, page=4, 614.295pt x 794.97pt>
File: papers/0011.pdf Graphic file (type pdf)
<use papers/0011.pdf, page 4>
Package pdftex.def Info: papers/0011.pdf , page4 used on input line 255.
(pdftex.def)             Requested size: 614.29349pt x 794.96806pt.
File: papers/0011.pdf Graphic file (type pdf)
<use papers/0011.pdf, page 4>
Package pdftex.def Info: papers/0011.pdf , page4 used on input line 255.
(pdftex.def)             Requested size: 614.29349pt x 794.96806pt.


File: papers/0011.pdf Graphic file (type pdf)
<use papers/0011.pdf, page 4>
Package pdftex.def Info: papers/0011.pdf , page4 used on input line 255.
(pdftex.def)             Requested size: 614.29349pt x 794.96806pt.
[82

 <./papers/0011.pdf>]
<papers/0011.pdf, id=1376, page=5, 614.295pt x 794.97pt>
File: papers/0011.pdf Graphic file (type pdf)
<use papers/0011.pdf, page 5>
Package pdftex.def Info: papers/0011.pdf , page5 used on input line 255.
(pdftex.def)             Requested size: 614.29349pt x 794.96806pt.
File: papers/0011.pdf Graphic file (type pdf)
<use papers/0011.pdf, page 5>
Package pdftex.def Info: papers/0011.pdf , page5 used on input line 255.
(pdftex.def)             Requested size: 614.29349pt x 794.96806pt.


File: papers/0011.pdf Graphic file (type pdf)
<use papers/0011.pdf, page 5>
Package pdftex.def Info: papers/0011.pdf , page5 used on input line 255.
(pdftex.def)             Requested size: 614.29349pt x 794.96806pt.
[83

 <./papers/0011.pdf>]
<papers/0011.pdf, id=1385, page=6, 614.295pt x 794.97pt>
File: papers/0011.pdf Graphic file (type pdf)
<use papers/0011.pdf, page 6>
Package pdftex.def Info: papers/0011.pdf , page6 used on input line 255.
(pdftex.def)             Requested size: 614.29349pt x 794.96806pt.
File: papers/0011.pdf Graphic file (type pdf)
<use papers/0011.pdf, page 6>
Package pdftex.def Info: papers/0011.pdf , page6 used on input line 255.
(pdftex.def)             Requested size: 614.29349pt x 794.96806pt.


File: papers/0011.pdf Graphic file (type pdf)
<use papers/0011.pdf, page 6>
Package pdftex.def Info: papers/0011.pdf , page6 used on input line 255.
(pdftex.def)             Requested size: 614.29349pt x 794.96806pt.
[84

 <./papers/0011.pdf>]
<papers/0011.pdf, id=1417, page=7, 614.295pt x 794.97pt>
File: papers/0011.pdf Graphic file (type pdf)
<use papers/0011.pdf, page 7>
Package pdftex.def Info: papers/0011.pdf , page7 used on input line 255.
(pdftex.def)             Requested size: 614.29349pt x 794.96806pt.
File: papers/0011.pdf Graphic file (type pdf)
<use papers/0011.pdf, page 7>
Package pdftex.def Info: papers/0011.pdf , page7 used on input line 255.
(pdftex.def)             Requested size: 614.29349pt x 794.96806pt.


File: papers/0011.pdf Graphic file (type pdf)
<use papers/0011.pdf, page 7>
Package pdftex.def Info: papers/0011.pdf , page7 used on input line 255.
(pdftex.def)             Requested size: 614.29349pt x 794.96806pt.
[85

 <./papers/0011.pdf>]
<papers/0011.pdf, id=1427, page=8, 614.295pt x 794.97pt>
File: papers/0011.pdf Graphic file (type pdf)
<use papers/0011.pdf, page 8>
Package pdftex.def Info: papers/0011.pdf , page8 used on input line 255.
(pdftex.def)             Requested size: 614.29349pt x 794.96806pt.
File: papers/0011.pdf Graphic file (type pdf)
<use papers/0011.pdf, page 8>
Package pdftex.def Info: papers/0011.pdf , page8 used on input line 255.
(pdftex.def)             Requested size: 614.29349pt x 794.96806pt.


File: papers/0011.pdf Graphic file (type pdf)
<use papers/0011.pdf, page 8>
Package pdftex.def Info: papers/0011.pdf , page8 used on input line 255.
(pdftex.def)             Requested size: 614.29349pt x 794.96806pt.
[86

 <./papers/0011.pdf>]
<papers/0011.pdf, id=1436, page=9, 614.295pt x 794.97pt>
File: papers/0011.pdf Graphic file (type pdf)
<use papers/0011.pdf, page 9>
Package pdftex.def Info: papers/0011.pdf , page9 used on input line 255.
(pdftex.def)             Requested size: 614.29349pt x 794.96806pt.
File: papers/0011.pdf Graphic file (type pdf)
<use papers/0011.pdf, page 9>
Package pdftex.def Info: papers/0011.pdf , page9 used on input line 255.
(pdftex.def)             Requested size: 614.29349pt x 794.96806pt.


File: papers/0011.pdf Graphic file (type pdf)
<use papers/0011.pdf, page 9>
Package pdftex.def Info: papers/0011.pdf , page9 used on input line 255.
(pdftex.def)             Requested size: 614.29349pt x 794.96806pt.
[87

 <./papers/0011.pdf>]
<papers/0011.pdf, id=1446, page=10, 614.295pt x 794.97pt>
File: papers/0011.pdf Graphic file (type pdf)
<use papers/0011.pdf, page 10>
Package pdftex.def Info: papers/0011.pdf , page10 used on input line 255.
(pdftex.def)             Requested size: 614.29349pt x 794.96806pt.
File: papers/0011.pdf Graphic file (type pdf)
<use papers/0011.pdf, page 10>
Package pdftex.def Info: papers/0011.pdf , page10 used on input line 255.
(pdftex.def)             Requested size: 614.29349pt x 794.96806pt.


File: papers/0011.pdf Graphic file (type pdf)
<use papers/0011.pdf, page 10>
Package pdftex.def Info: papers/0011.pdf , page10 used on input line 255.
(pdftex.def)             Requested size: 614.29349pt x 794.96806pt.
[88

 <./papers/0011.pdf>]
<papers/0011.pdf, id=1460, page=11, 614.295pt x 794.97pt>
File: papers/0011.pdf Graphic file (type pdf)
<use papers/0011.pdf, page 11>
Package pdftex.def Info: papers/0011.pdf , page11 used on input line 255.
(pdftex.def)             Requested size: 614.29349pt x 794.96806pt.
File: papers/0011.pdf Graphic file (type pdf)
<use papers/0011.pdf, page 11>
Package pdftex.def Info: papers/0011.pdf , page11 used on input line 255.
(pdftex.def)             Requested size: 614.29349pt x 794.96806pt.


File: papers/0011.pdf Graphic file (type pdf)
<use papers/0011.pdf, page 11>
Package pdftex.def Info: papers/0011.pdf , page11 used on input line 255.
(pdftex.def)             Requested size: 614.29349pt x 794.96806pt.
[89

 <./papers/0011.pdf>]

[90

]
<papers/0013.pdf, id=1471, 614.295pt x 794.97pt>
File: papers/0013.pdf Graphic file (type pdf)
<use papers/0013.pdf>
Package pdftex.def Info: papers/0013.pdf  used on input line 261.
(pdftex.def)             Requested size: 614.29349pt x 794.96806pt.
<papers/0013.pdf, id=1473, page=1, 614.295pt x 794.97pt>
File: papers/0013.pdf Graphic file (type pdf)
<use papers/0013.pdf, page 1>
Package pdftex.def Info: papers/0013.pdf , page1 used on input line 261.
(pdftex.def)             Requested size: 614.29349pt x 794.96806pt.
File: papers/0013.pdf Graphic file (type pdf)
<use papers/0013.pdf, page 1>
Package pdftex.def Info: papers/0013.pdf , page1 used on input line 261.
(pdftex.def)             Requested size: 614.29349pt x 794.96806pt.
File: papers/0013.pdf Graphic file (type pdf)
<use papers/0013.pdf, page 1>
Package pdftex.def Info: papers/0013.pdf , page1 used on input line 261.
(pdftex.def)             Requested size: 614.29349pt x 794.96806pt.


Package hyperref Warning: Token not allowed in a PDF string (Unicode):
(hyperref)                removing `\@normalcr' on input line 261.


Underfull \hbox (badness 10000) in paragraph at lines 261--261

 []



File: papers/0013.pdf Graphic file (type pdf)
<use papers/0013.pdf, page 1>
Package pdftex.def Info: papers/0013.pdf , page1 used on input line 261.
(pdftex.def)             Requested size: 614.29349pt x 794.96806pt.
[91

 <./papers/0013.pdf>]
File: papers/0013.pdf Graphic file (type pdf)
<use papers/0013.pdf>
Package pdftex.def Info: papers/0013.pdf  used on input line 261.
(pdftex.def)             Requested size: 614.29349pt x 794.96806pt.
<papers/0013.pdf, id=1531, page=2, 614.295pt x 794.97pt>
File: papers/0013.pdf Graphic file (type pdf)
<use papers/0013.pdf, page 2>
Package pdftex.def Info: papers/0013.pdf , page2 used on input line 261.
(pdftex.def)             Requested size: 614.29349pt x 794.96806pt.
File: papers/0013.pdf Graphic file (type pdf)
<use papers/0013.pdf, page 2>
Package pdftex.def Info: papers/0013.pdf , page2 used on input line 261.
(pdftex.def)             Requested size: 614.29349pt x 794.96806pt.
File: papers/0013.pdf Graphic file (type pdf)
<use papers/0013.pdf, page 2>
Package pdftex.def Info: papers/0013.pdf , page2 used on input line 261.
(pdftex.def)             Requested size: 614.29349pt x 794.96806pt.


File: papers/0013.pdf Graphic file (type pdf)
<use papers/0013.pdf, page 2>
Package pdftex.def Info: papers/0013.pdf , page2 used on input line 261.
(pdftex.def)             Requested size: 614.29349pt x 794.96806pt.
[92

 <./papers/0013.pdf>]
<papers/0013.pdf, id=1549, page=3, 614.295pt x 794.97pt>
File: papers/0013.pdf Graphic file (type pdf)
<use papers/0013.pdf, page 3>
Package pdftex.def Info: papers/0013.pdf , page3 used on input line 261.
(pdftex.def)             Requested size: 614.29349pt x 794.96806pt.
File: papers/0013.pdf Graphic file (type pdf)
<use papers/0013.pdf, page 3>
Package pdftex.def Info: papers/0013.pdf , page3 used on input line 261.
(pdftex.def)             Requested size: 614.29349pt x 794.96806pt.


File: papers/0013.pdf Graphic file (type pdf)
<use papers/0013.pdf, page 3>
Package pdftex.def Info: papers/0013.pdf , page3 used on input line 261.
(pdftex.def)             Requested size: 614.29349pt x 794.96806pt.
[93

 <./papers/0013.pdf>]
<papers/0013.pdf, id=1560, page=4, 614.295pt x 794.97pt>
File: papers/0013.pdf Graphic file (type pdf)
<use papers/0013.pdf, page 4>
Package pdftex.def Info: papers/0013.pdf , page4 used on input line 261.
(pdftex.def)             Requested size: 614.29349pt x 794.96806pt.
File: papers/0013.pdf Graphic file (type pdf)
<use papers/0013.pdf, page 4>
Package pdftex.def Info: papers/0013.pdf , page4 used on input line 261.
(pdftex.def)             Requested size: 614.29349pt x 794.96806pt.


File: papers/0013.pdf Graphic file (type pdf)
<use papers/0013.pdf, page 4>
Package pdftex.def Info: papers/0013.pdf , page4 used on input line 261.
(pdftex.def)             Requested size: 614.29349pt x 794.96806pt.
[94

 <./papers/0013.pdf>]
<papers/0013.pdf, id=1608, page=5, 614.295pt x 794.97pt>
File: papers/0013.pdf Graphic file (type pdf)
<use papers/0013.pdf, page 5>
Package pdftex.def Info: papers/0013.pdf , page5 used on input line 261.
(pdftex.def)             Requested size: 614.29349pt x 794.96806pt.
File: papers/0013.pdf Graphic file (type pdf)
<use papers/0013.pdf, page 5>
Package pdftex.def Info: papers/0013.pdf , page5 used on input line 261.
(pdftex.def)             Requested size: 614.29349pt x 794.96806pt.


File: papers/0013.pdf Graphic file (type pdf)
<use papers/0013.pdf, page 5>
Package pdftex.def Info: papers/0013.pdf , page5 used on input line 261.
(pdftex.def)             Requested size: 614.29349pt x 794.96806pt.
[95

 <./papers/0013.pdf>]
<papers/0013.pdf, id=1619, page=6, 614.295pt x 794.97pt>
File: papers/0013.pdf Graphic file (type pdf)
<use papers/0013.pdf, page 6>
Package pdftex.def Info: papers/0013.pdf , page6 used on input line 261.
(pdftex.def)             Requested size: 614.29349pt x 794.96806pt.
File: papers/0013.pdf Graphic file (type pdf)
<use papers/0013.pdf, page 6>
Package pdftex.def Info: papers/0013.pdf , page6 used on input line 261.
(pdftex.def)             Requested size: 614.29349pt x 794.96806pt.


File: papers/0013.pdf Graphic file (type pdf)
<use papers/0013.pdf, page 6>
Package pdftex.def Info: papers/0013.pdf , page6 used on input line 261.
(pdftex.def)             Requested size: 614.29349pt x 794.96806pt.
[96

 <./papers/0013.pdf>]
<papers/0013.pdf, id=1782, page=7, 614.295pt x 794.97pt>
File: papers/0013.pdf Graphic file (type pdf)
<use papers/0013.pdf, page 7>
Package pdftex.def Info: papers/0013.pdf , page7 used on input line 261.
(pdftex.def)             Requested size: 614.29349pt x 794.96806pt.
File: papers/0013.pdf Graphic file (type pdf)
<use papers/0013.pdf, page 7>
Package pdftex.def Info: papers/0013.pdf , page7 used on input line 261.
(pdftex.def)             Requested size: 614.29349pt x 794.96806pt.


File: papers/0013.pdf Graphic file (type pdf)
<use papers/0013.pdf, page 7>
Package pdftex.def Info: papers/0013.pdf , page7 used on input line 261.
(pdftex.def)             Requested size: 614.29349pt x 794.96806pt.
[97

 <./papers/0013.pdf>]
<papers/0013.pdf, id=1863, page=8, 614.295pt x 794.97pt>
File: papers/0013.pdf Graphic file (type pdf)
<use papers/0013.pdf, page 8>
Package pdftex.def Info: papers/0013.pdf , page8 used on input line 261.
(pdftex.def)             Requested size: 614.29349pt x 794.96806pt.
File: papers/0013.pdf Graphic file (type pdf)
<use papers/0013.pdf, page 8>
Package pdftex.def Info: papers/0013.pdf , page8 used on input line 261.
(pdftex.def)             Requested size: 614.29349pt x 794.96806pt.


File: papers/0013.pdf Graphic file (type pdf)
<use papers/0013.pdf, page 8>
Package pdftex.def Info: papers/0013.pdf , page8 used on input line 261.
(pdftex.def)             Requested size: 614.29349pt x 794.96806pt.
[98

 <./papers/0013.pdf>]
<papers/0013.pdf, id=1869, page=9, 614.295pt x 794.97pt>
File: papers/0013.pdf Graphic file (type pdf)
<use papers/0013.pdf, page 9>
Package pdftex.def Info: papers/0013.pdf , page9 used on input line 261.
(pdftex.def)             Requested size: 614.29349pt x 794.96806pt.
File: papers/0013.pdf Graphic file (type pdf)
<use papers/0013.pdf, page 9>
Package pdftex.def Info: papers/0013.pdf , page9 used on input line 261.
(pdftex.def)             Requested size: 614.29349pt x 794.96806pt.


File: papers/0013.pdf Graphic file (type pdf)
<use papers/0013.pdf, page 9>
Package pdftex.def Info: papers/0013.pdf , page9 used on input line 261.
(pdftex.def)             Requested size: 614.29349pt x 794.96806pt.
[99

 <./papers/0013.pdf>]
<papers/0013.pdf, id=1876, page=10, 614.295pt x 794.97pt>
File: papers/0013.pdf Graphic file (type pdf)
<use papers/0013.pdf, page 10>
Package pdftex.def Info: papers/0013.pdf , page10 used on input line 261.
(pdftex.def)             Requested size: 614.29349pt x 794.96806pt.
File: papers/0013.pdf Graphic file (type pdf)
<use papers/0013.pdf, page 10>
Package pdftex.def Info: papers/0013.pdf , page10 used on input line 261.
(pdftex.def)             Requested size: 614.29349pt x 794.96806pt.


File: papers/0013.pdf Graphic file (type pdf)
<use papers/0013.pdf, page 10>
Package pdftex.def Info: papers/0013.pdf , page10 used on input line 261.
(pdftex.def)             Requested size: 614.29349pt x 794.96806pt.
[100

 <./papers/0013.pdf>]
<papers/0015.pdf, id=1882, 614.295pt x 794.97pt>
File: papers/0015.pdf Graphic file (type pdf)
<use papers/0015.pdf>
Package pdftex.def Info: papers/0015.pdf  used on input line 267.
(pdftex.def)             Requested size: 614.29349pt x 794.96806pt.
<papers/0015.pdf, id=1884, page=1, 614.295pt x 794.97pt>
File: papers/0015.pdf Graphic file (type pdf)
<use papers/0015.pdf, page 1>
Package pdftex.def Info: papers/0015.pdf , page1 used on input line 267.
(pdftex.def)             Requested size: 614.29349pt x 794.96806pt.
File: papers/0015.pdf Graphic file (type pdf)
<use papers/0015.pdf, page 1>
Package pdftex.def Info: papers/0015.pdf , page1 used on input line 267.
(pdftex.def)             Requested size: 614.29349pt x 794.96806pt.
File: papers/0015.pdf Graphic file (type pdf)
<use papers/0015.pdf, page 1>
Package pdftex.def Info: papers/0015.pdf , page1 used on input line 267.
(pdftex.def)             Requested size: 614.29349pt x 794.96806pt.


Package hyperref Warning: Token not allowed in a PDF string (Unicode):
(hyperref)                removing `\@normalcr' on input line 267.


Underfull \hbox (badness 10000) in paragraph at lines 267--267

 []



File: papers/0015.pdf Graphic file (type pdf)
<use papers/0015.pdf, page 1>
Package pdftex.def Info: papers/0015.pdf , page1 used on input line 267.
(pdftex.def)             Requested size: 614.29349pt x 794.96806pt.
[101


 <./papers/0015.pdf>]
File: papers/0015.pdf Graphic file (type pdf)
<use papers/0015.pdf>
Package pdftex.def Info: papers/0015.pdf  used on input line 267.
(pdftex.def)             Requested size: 614.29349pt x 794.96806pt.
<papers/0015.pdf, id=1924, page=2, 614.295pt x 794.97pt>
File: papers/0015.pdf Graphic file (type pdf)
<use papers/0015.pdf, page 2>
Package pdftex.def Info: papers/0015.pdf , page2 used on input line 267.
(pdftex.def)             Requested size: 614.29349pt x 794.96806pt.
File: papers/0015.pdf Graphic file (type pdf)
<use papers/0015.pdf, page 2>
Package pdftex.def Info: papers/0015.pdf , page2 used on input line 267.
(pdftex.def)             Requested size: 614.29349pt x 794.96806pt.
File: papers/0015.pdf Graphic file (type pdf)
<use papers/0015.pdf, page 2>
Package pdftex.def Info: papers/0015.pdf , page2 used on input line 267.
(pdftex.def)             Requested size: 614.29349pt x 794.96806pt.


File: papers/0015.pdf Graphic file (type pdf)
<use papers/0015.pdf, page 2>
Package pdftex.def Info: papers/0015.pdf , page2 used on input line 267.
(pdftex.def)             Requested size: 614.29349pt x 794.96806pt.
[102

 <./papers/0015.pdf>]
<papers/0015.pdf, id=1938, page=3, 614.295pt x 794.97pt>
File: papers/0015.pdf Graphic file (type pdf)
<use papers/0015.pdf, page 3>
Package pdftex.def Info: papers/0015.pdf , page3 used on input line 267.
(pdftex.def)             Requested size: 614.29349pt x 794.96806pt.
File: papers/0015.pdf Graphic file (type pdf)
<use papers/0015.pdf, page 3>
Package pdftex.def Info: papers/0015.pdf , page3 used on input line 267.
(pdftex.def)             Requested size: 614.29349pt x 794.96806pt.


File: papers/0015.pdf Graphic file (type pdf)
<use papers/0015.pdf, page 3>
Package pdftex.def Info: papers/0015.pdf , page3 used on input line 267.
(pdftex.def)             Requested size: 614.29349pt x 794.96806pt.
[103

 <./papers/0015.pdf>]
<papers/0015.pdf, id=1945, page=4, 614.295pt x 794.97pt>
File: papers/0015.pdf Graphic file (type pdf)
<use papers/0015.pdf, page 4>
Package pdftex.def Info: papers/0015.pdf , page4 used on input line 267.
(pdftex.def)             Requested size: 614.29349pt x 794.96806pt.
File: papers/0015.pdf Graphic file (type pdf)
<use papers/0015.pdf, page 4>
Package pdftex.def Info: papers/0015.pdf , page4 used on input line 267.
(pdftex.def)             Requested size: 614.29349pt x 794.96806pt.


File: papers/0015.pdf Graphic file (type pdf)
<use papers/0015.pdf, page 4>
Package pdftex.def Info: papers/0015.pdf , page4 used on input line 267.
(pdftex.def)             Requested size: 614.29349pt x 794.96806pt.
[104

 <./papers/0015.pdf>]
<papers/0015.pdf, id=1951, page=5, 614.295pt x 794.97pt>
File: papers/0015.pdf Graphic file (type pdf)
<use papers/0015.pdf, page 5>
Package pdftex.def Info: papers/0015.pdf , page5 used on input line 267.
(pdftex.def)             Requested size: 614.29349pt x 794.96806pt.
File: papers/0015.pdf Graphic file (type pdf)
<use papers/0015.pdf, page 5>
Package pdftex.def Info: papers/0015.pdf , page5 used on input line 267.
(pdftex.def)             Requested size: 614.29349pt x 794.96806pt.


File: papers/0015.pdf Graphic file (type pdf)
<use papers/0015.pdf, page 5>
Package pdftex.def Info: papers/0015.pdf , page5 used on input line 267.
(pdftex.def)             Requested size: 614.29349pt x 794.96806pt.
[105

 <./papers/0015.pdf>]
<papers/0015.pdf, id=1958, page=6, 614.295pt x 794.97pt>
File: papers/0015.pdf Graphic file (type pdf)
<use papers/0015.pdf, page 6>
Package pdftex.def Info: papers/0015.pdf , page6 used on input line 267.
(pdftex.def)             Requested size: 614.29349pt x 794.96806pt.
File: papers/0015.pdf Graphic file (type pdf)
<use papers/0015.pdf, page 6>
Package pdftex.def Info: papers/0015.pdf , page6 used on input line 267.
(pdftex.def)             Requested size: 614.29349pt x 794.96806pt.


File: papers/0015.pdf Graphic file (type pdf)
<use papers/0015.pdf, page 6>
Package pdftex.def Info: papers/0015.pdf , page6 used on input line 267.
(pdftex.def)             Requested size: 614.29349pt x 794.96806pt.
[106

 <./papers/0015.pdf>]
<papers/0015.pdf, id=2014, page=7, 614.295pt x 794.97pt>
File: papers/0015.pdf Graphic file (type pdf)
<use papers/0015.pdf, page 7>
Package pdftex.def Info: papers/0015.pdf , page7 used on input line 267.
(pdftex.def)             Requested size: 614.29349pt x 794.96806pt.
File: papers/0015.pdf Graphic file (type pdf)
<use papers/0015.pdf, page 7>
Package pdftex.def Info: papers/0015.pdf , page7 used on input line 267.
(pdftex.def)             Requested size: 614.29349pt x 794.96806pt.


File: papers/0015.pdf Graphic file (type pdf)
<use papers/0015.pdf, page 7>
Package pdftex.def Info: papers/0015.pdf , page7 used on input line 267.
(pdftex.def)             Requested size: 614.29349pt x 794.96806pt.
[107

 <./papers/0015.pdf>]
<papers/0015.pdf, id=2020, page=8, 614.295pt x 794.97pt>
File: papers/0015.pdf Graphic file (type pdf)
<use papers/0015.pdf, page 8>
Package pdftex.def Info: papers/0015.pdf , page8 used on input line 267.
(pdftex.def)             Requested size: 614.29349pt x 794.96806pt.
File: papers/0015.pdf Graphic file (type pdf)
<use papers/0015.pdf, page 8>
Package pdftex.def Info: papers/0015.pdf , page8 used on input line 267.
(pdftex.def)             Requested size: 614.29349pt x 794.96806pt.


File: papers/0015.pdf Graphic file (type pdf)
<use papers/0015.pdf, page 8>
Package pdftex.def Info: papers/0015.pdf , page8 used on input line 267.
(pdftex.def)             Requested size: 614.29349pt x 794.96806pt.
[108

 <./papers/0015.pdf>]
<papers/0015.pdf, id=2026, page=9, 614.295pt x 794.97pt>
File: papers/0015.pdf Graphic file (type pdf)
<use papers/0015.pdf, page 9>
Package pdftex.def Info: papers/0015.pdf , page9 used on input line 267.
(pdftex.def)             Requested size: 614.29349pt x 794.96806pt.
File: papers/0015.pdf Graphic file (type pdf)
<use papers/0015.pdf, page 9>
Package pdftex.def Info: papers/0015.pdf , page9 used on input line 267.
(pdftex.def)             Requested size: 614.29349pt x 794.96806pt.


File: papers/0015.pdf Graphic file (type pdf)
<use papers/0015.pdf, page 9>
Package pdftex.def Info: papers/0015.pdf , page9 used on input line 267.
(pdftex.def)             Requested size: 614.29349pt x 794.96806pt.
[109

 <./papers/0015.pdf>]

[110

]
<papers/0017.pdf, id=2036, 614.295pt x 794.97pt>
File: papers/0017.pdf Graphic file (type pdf)
<use papers/0017.pdf>
Package pdftex.def Info: papers/0017.pdf  used on input line 273.
(pdftex.def)             Requested size: 614.29349pt x 794.96806pt.
<papers/0017.pdf, id=2038, page=1, 614.295pt x 794.97pt>
File: papers/0017.pdf Graphic file (type pdf)
<use papers/0017.pdf, page 1>
Package pdftex.def Info: papers/0017.pdf , page1 used on input line 273.
(pdftex.def)             Requested size: 614.29349pt x 794.96806pt.
File: papers/0017.pdf Graphic file (type pdf)
<use papers/0017.pdf, page 1>
Package pdftex.def Info: papers/0017.pdf , page1 used on input line 273.
(pdftex.def)             Requested size: 614.29349pt x 794.96806pt.
File: papers/0017.pdf Graphic file (type pdf)
<use papers/0017.pdf, page 1>
Package pdftex.def Info: papers/0017.pdf , page1 used on input line 273.
(pdftex.def)             Requested size: 614.29349pt x 794.96806pt.


Package hyperref Warning: Token not allowed in a PDF string (Unicode):
(hyperref)                removing `\@normalcr' on input line 273.


Underfull \hbox (badness 10000) in paragraph at lines 273--273

 []



File: papers/0017.pdf Graphic file (type pdf)
<use papers/0017.pdf, page 1>
Package pdftex.def Info: papers/0017.pdf , page1 used on input line 273.
(pdftex.def)             Requested size: 614.29349pt x 794.96806pt.
[111

 <./papers/0017.pdf>]
File: papers/0017.pdf Graphic file (type pdf)
<use papers/0017.pdf>
Package pdftex.def Info: papers/0017.pdf  used on input line 273.
(pdftex.def)             Requested size: 614.29349pt x 794.96806pt.
<papers/0017.pdf, id=2071, page=2, 614.295pt x 794.97pt>
File: papers/0017.pdf Graphic file (type pdf)
<use papers/0017.pdf, page 2>
Package pdftex.def Info: papers/0017.pdf , page2 used on input line 273.
(pdftex.def)             Requested size: 614.29349pt x 794.96806pt.
File: papers/0017.pdf Graphic file (type pdf)
<use papers/0017.pdf, page 2>
Package pdftex.def Info: papers/0017.pdf , page2 used on input line 273.
(pdftex.def)             Requested size: 614.29349pt x 794.96806pt.
File: papers/0017.pdf Graphic file (type pdf)
<use papers/0017.pdf, page 2>
Package pdftex.def Info: papers/0017.pdf , page2 used on input line 273.
(pdftex.def)             Requested size: 614.29349pt x 794.96806pt.


File: papers/0017.pdf Graphic file (type pdf)
<use papers/0017.pdf, page 2>
Package pdftex.def Info: papers/0017.pdf , page2 used on input line 273.
(pdftex.def)             Requested size: 614.29349pt x 794.96806pt.
[112

 <./papers/0017.pdf>]
<papers/0017.pdf, id=2081, page=3, 614.295pt x 794.97pt>
File: papers/0017.pdf Graphic file (type pdf)
<use papers/0017.pdf, page 3>
Package pdftex.def Info: papers/0017.pdf , page3 used on input line 273.
(pdftex.def)             Requested size: 614.29349pt x 794.96806pt.
File: papers/0017.pdf Graphic file (type pdf)
<use papers/0017.pdf, page 3>
Package pdftex.def Info: papers/0017.pdf , page3 used on input line 273.
(pdftex.def)             Requested size: 614.29349pt x 794.96806pt.


File: papers/0017.pdf Graphic file (type pdf)
<use papers/0017.pdf, page 3>
Package pdftex.def Info: papers/0017.pdf , page3 used on input line 273.
(pdftex.def)             Requested size: 614.29349pt x 794.96806pt.
[113

 <./papers/0017.pdf>]
<papers/0017.pdf, id=2091, page=4, 614.295pt x 794.97pt>
File: papers/0017.pdf Graphic file (type pdf)
<use papers/0017.pdf, page 4>
Package pdftex.def Info: papers/0017.pdf , page4 used on input line 273.
(pdftex.def)             Requested size: 614.29349pt x 794.96806pt.
File: papers/0017.pdf Graphic file (type pdf)
<use papers/0017.pdf, page 4>
Package pdftex.def Info: papers/0017.pdf , page4 used on input line 273.
(pdftex.def)             Requested size: 614.29349pt x 794.96806pt.


File: papers/0017.pdf Graphic file (type pdf)
<use papers/0017.pdf, page 4>
Package pdftex.def Info: papers/0017.pdf , page4 used on input line 273.
(pdftex.def)             Requested size: 614.29349pt x 794.96806pt.
[114

 <./papers/0017.pdf>]
<papers/0017.pdf, id=2106, page=5, 614.295pt x 794.97pt>
File: papers/0017.pdf Graphic file (type pdf)
<use papers/0017.pdf, page 5>
Package pdftex.def Info: papers/0017.pdf , page5 used on input line 273.
(pdftex.def)             Requested size: 614.29349pt x 794.96806pt.
File: papers/0017.pdf Graphic file (type pdf)
<use papers/0017.pdf, page 5>
Package pdftex.def Info: papers/0017.pdf , page5 used on input line 273.
(pdftex.def)             Requested size: 614.29349pt x 794.96806pt.


File: papers/0017.pdf Graphic file (type pdf)
<use papers/0017.pdf, page 5>
Package pdftex.def Info: papers/0017.pdf , page5 used on input line 273.
(pdftex.def)             Requested size: 614.29349pt x 794.96806pt.
[115

 <./papers/0017.pdf>]
<papers/0017.pdf, id=2131, page=6, 614.295pt x 794.97pt>
File: papers/0017.pdf Graphic file (type pdf)
<use papers/0017.pdf, page 6>
Package pdftex.def Info: papers/0017.pdf , page6 used on input line 273.
(pdftex.def)             Requested size: 614.29349pt x 794.96806pt.
File: papers/0017.pdf Graphic file (type pdf)
<use papers/0017.pdf, page 6>
Package pdftex.def Info: papers/0017.pdf , page6 used on input line 273.
(pdftex.def)             Requested size: 614.29349pt x 794.96806pt.


File: papers/0017.pdf Graphic file (type pdf)
<use papers/0017.pdf, page 6>
Package pdftex.def Info: papers/0017.pdf , page6 used on input line 273.
(pdftex.def)             Requested size: 614.29349pt x 794.96806pt.
[116

 <./papers/0017.pdf>]
<papers/0017.pdf, id=2142, page=7, 614.295pt x 794.97pt>
File: papers/0017.pdf Graphic file (type pdf)
<use papers/0017.pdf, page 7>
Package pdftex.def Info: papers/0017.pdf , page7 used on input line 273.
(pdftex.def)             Requested size: 614.29349pt x 794.96806pt.
File: papers/0017.pdf Graphic file (type pdf)
<use papers/0017.pdf, page 7>
Package pdftex.def Info: papers/0017.pdf , page7 used on input line 273.
(pdftex.def)             Requested size: 614.29349pt x 794.96806pt.


File: papers/0017.pdf Graphic file (type pdf)
<use papers/0017.pdf, page 7>
Package pdftex.def Info: papers/0017.pdf , page7 used on input line 273.
(pdftex.def)             Requested size: 614.29349pt x 794.96806pt.
[117

 <./papers/0017.pdf>]
<papers/0017.pdf, id=2152, page=8, 614.295pt x 794.97pt>
File: papers/0017.pdf Graphic file (type pdf)
<use papers/0017.pdf, page 8>
Package pdftex.def Info: papers/0017.pdf , page8 used on input line 273.
(pdftex.def)             Requested size: 614.29349pt x 794.96806pt.
File: papers/0017.pdf Graphic file (type pdf)
<use papers/0017.pdf, page 8>
Package pdftex.def Info: papers/0017.pdf , page8 used on input line 273.
(pdftex.def)             Requested size: 614.29349pt x 794.96806pt.


File: papers/0017.pdf Graphic file (type pdf)
<use papers/0017.pdf, page 8>
Package pdftex.def Info: papers/0017.pdf , page8 used on input line 273.
(pdftex.def)             Requested size: 614.29349pt x 794.96806pt.
[118

 <./papers/0017.pdf>]
<papers/0017.pdf, id=2164, page=9, 614.295pt x 794.97pt>
File: papers/0017.pdf Graphic file (type pdf)
<use papers/0017.pdf, page 9>
Package pdftex.def Info: papers/0017.pdf , page9 used on input line 273.
(pdftex.def)             Requested size: 614.29349pt x 794.96806pt.
File: papers/0017.pdf Graphic file (type pdf)
<use papers/0017.pdf, page 9>
Package pdftex.def Info: papers/0017.pdf , page9 used on input line 273.
(pdftex.def)             Requested size: 614.29349pt x 794.96806pt.


File: papers/0017.pdf Graphic file (type pdf)
<use papers/0017.pdf, page 9>
Package pdftex.def Info: papers/0017.pdf , page9 used on input line 273.
(pdftex.def)             Requested size: 614.29349pt x 794.96806pt.
[119

 <./papers/0017.pdf>]

[120

]
<papers/0019.pdf, id=2174, 614.295pt x 794.97pt>
File: papers/0019.pdf Graphic file (type pdf)
<use papers/0019.pdf>
Package pdftex.def Info: papers/0019.pdf  used on input line 279.
(pdftex.def)             Requested size: 614.29349pt x 794.96806pt.
<papers/0019.pdf, id=2176, page=1, 614.295pt x 794.97pt>
File: papers/0019.pdf Graphic file (type pdf)
<use papers/0019.pdf, page 1>
Package pdftex.def Info: papers/0019.pdf , page1 used on input line 279.
(pdftex.def)             Requested size: 614.29349pt x 794.96806pt.
File: papers/0019.pdf Graphic file (type pdf)
<use papers/0019.pdf, page 1>
Package pdftex.def Info: papers/0019.pdf , page1 used on input line 279.
(pdftex.def)             Requested size: 614.29349pt x 794.96806pt.
File: papers/0019.pdf Graphic file (type pdf)
<use papers/0019.pdf, page 1>
Package pdftex.def Info: papers/0019.pdf , page1 used on input line 279.
(pdftex.def)             Requested size: 614.29349pt x 794.96806pt.


Package hyperref Warning: Token not allowed in a PDF string (Unicode):
(hyperref)                removing `\@normalcr' on input line 279.


Underfull \hbox (badness 10000) in paragraph at lines 279--279

 []



File: papers/0019.pdf Graphic file (type pdf)
<use papers/0019.pdf, page 1>
Package pdftex.def Info: papers/0019.pdf , page1 used on input line 279.
(pdftex.def)             Requested size: 614.29349pt x 794.96806pt.
[121

 <./papers/0019.pdf>]
File: papers/0019.pdf Graphic file (type pdf)
<use papers/0019.pdf>
Package pdftex.def Info: papers/0019.pdf  used on input line 279.
(pdftex.def)             Requested size: 614.29349pt x 794.96806pt.
<papers/0019.pdf, id=2216, page=2, 614.295pt x 794.97pt>
File: papers/0019.pdf Graphic file (type pdf)
<use papers/0019.pdf, page 2>
Package pdftex.def Info: papers/0019.pdf , page2 used on input line 279.
(pdftex.def)             Requested size: 614.29349pt x 794.96806pt.
File: papers/0019.pdf Graphic file (type pdf)
<use papers/0019.pdf, page 2>
Package pdftex.def Info: papers/0019.pdf , page2 used on input line 279.
(pdftex.def)             Requested size: 614.29349pt x 794.96806pt.
File: papers/0019.pdf Graphic file (type pdf)
<use papers/0019.pdf, page 2>
Package pdftex.def Info: papers/0019.pdf , page2 used on input line 279.
(pdftex.def)             Requested size: 614.29349pt x 794.96806pt.


File: papers/0019.pdf Graphic file (type pdf)
<use papers/0019.pdf, page 2>
Package pdftex.def Info: papers/0019.pdf , page2 used on input line 279.
(pdftex.def)             Requested size: 614.29349pt x 794.96806pt.
[122

 <./papers/0019.pdf>]
<papers/0019.pdf, id=2226, page=3, 614.295pt x 794.97pt>
File: papers/0019.pdf Graphic file (type pdf)
<use papers/0019.pdf, page 3>
Package pdftex.def Info: papers/0019.pdf , page3 used on input line 279.
(pdftex.def)             Requested size: 614.29349pt x 794.96806pt.
File: papers/0019.pdf Graphic file (type pdf)
<use papers/0019.pdf, page 3>
Package pdftex.def Info: papers/0019.pdf , page3 used on input line 279.
(pdftex.def)             Requested size: 614.29349pt x 794.96806pt.


File: papers/0019.pdf Graphic file (type pdf)
<use papers/0019.pdf, page 3>
Package pdftex.def Info: papers/0019.pdf , page3 used on input line 279.
(pdftex.def)             Requested size: 614.29349pt x 794.96806pt.
[123

 <./papers/0019.pdf>]
<papers/0019.pdf, id=2237, page=4, 614.295pt x 794.97pt>
File: papers/0019.pdf Graphic file (type pdf)
<use papers/0019.pdf, page 4>
Package pdftex.def Info: papers/0019.pdf , page4 used on input line 279.
(pdftex.def)             Requested size: 614.29349pt x 794.96806pt.
File: papers/0019.pdf Graphic file (type pdf)
<use papers/0019.pdf, page 4>
Package pdftex.def Info: papers/0019.pdf , page4 used on input line 279.
(pdftex.def)             Requested size: 614.29349pt x 794.96806pt.


File: papers/0019.pdf Graphic file (type pdf)
<use papers/0019.pdf, page 4>
Package pdftex.def Info: papers/0019.pdf , page4 used on input line 279.
(pdftex.def)             Requested size: 614.29349pt x 794.96806pt.
[124

 <./papers/0019.pdf>]
<papers/0019.pdf, id=2243, page=5, 614.295pt x 794.97pt>
File: papers/0019.pdf Graphic file (type pdf)
<use papers/0019.pdf, page 5>
Package pdftex.def Info: papers/0019.pdf , page5 used on input line 279.
(pdftex.def)             Requested size: 614.29349pt x 794.96806pt.
File: papers/0019.pdf Graphic file (type pdf)
<use papers/0019.pdf, page 5>
Package pdftex.def Info: papers/0019.pdf , page5 used on input line 279.
(pdftex.def)             Requested size: 614.29349pt x 794.96806pt.


File: papers/0019.pdf Graphic file (type pdf)
<use papers/0019.pdf, page 5>
Package pdftex.def Info: papers/0019.pdf , page5 used on input line 279.
(pdftex.def)             Requested size: 614.29349pt x 794.96806pt.
[125

 <./papers/0019.pdf>]
<papers/0019.pdf, id=2254, page=6, 614.295pt x 794.97pt>
File: papers/0019.pdf Graphic file (type pdf)
<use papers/0019.pdf, page 6>
Package pdftex.def Info: papers/0019.pdf , page6 used on input line 279.
(pdftex.def)             Requested size: 614.29349pt x 794.96806pt.
File: papers/0019.pdf Graphic file (type pdf)
<use papers/0019.pdf, page 6>
Package pdftex.def Info: papers/0019.pdf , page6 used on input line 279.
(pdftex.def)             Requested size: 614.29349pt x 794.96806pt.


File: papers/0019.pdf Graphic file (type pdf)
<use papers/0019.pdf, page 6>
Package pdftex.def Info: papers/0019.pdf , page6 used on input line 279.
(pdftex.def)             Requested size: 614.29349pt x 794.96806pt.
[126

 <./papers/0019.pdf>]
<papers/0019.pdf, id=2260, page=7, 614.295pt x 794.97pt>
File: papers/0019.pdf Graphic file (type pdf)
<use papers/0019.pdf, page 7>
Package pdftex.def Info: papers/0019.pdf , page7 used on input line 279.
(pdftex.def)             Requested size: 614.29349pt x 794.96806pt.
File: papers/0019.pdf Graphic file (type pdf)
<use papers/0019.pdf, page 7>
Package pdftex.def Info: papers/0019.pdf , page7 used on input line 279.
(pdftex.def)             Requested size: 614.29349pt x 794.96806pt.


File: papers/0019.pdf Graphic file (type pdf)
<use papers/0019.pdf, page 7>
Package pdftex.def Info: papers/0019.pdf , page7 used on input line 279.
(pdftex.def)             Requested size: 614.29349pt x 794.96806pt.
[127

 <./papers/0019.pdf>]
<papers/0019.pdf, id=2266, page=8, 614.295pt x 794.97pt>
File: papers/0019.pdf Graphic file (type pdf)
<use papers/0019.pdf, page 8>
Package pdftex.def Info: papers/0019.pdf , page8 used on input line 279.
(pdftex.def)             Requested size: 614.29349pt x 794.96806pt.
File: papers/0019.pdf Graphic file (type pdf)
<use papers/0019.pdf, page 8>
Package pdftex.def Info: papers/0019.pdf , page8 used on input line 279.
(pdftex.def)             Requested size: 614.29349pt x 794.96806pt.


File: papers/0019.pdf Graphic file (type pdf)
<use papers/0019.pdf, page 8>
Package pdftex.def Info: papers/0019.pdf , page8 used on input line 279.
(pdftex.def)             Requested size: 614.29349pt x 794.96806pt.
[128

 <./papers/0019.pdf>]
<papers/0019.pdf, id=2290, page=9, 614.295pt x 794.97pt>
File: papers/0019.pdf Graphic file (type pdf)
<use papers/0019.pdf, page 9>
Package pdftex.def Info: papers/0019.pdf , page9 used on input line 279.
(pdftex.def)             Requested size: 614.29349pt x 794.96806pt.
File: papers/0019.pdf Graphic file (type pdf)
<use papers/0019.pdf, page 9>
Package pdftex.def Info: papers/0019.pdf , page9 used on input line 279.
(pdftex.def)             Requested size: 614.29349pt x 794.96806pt.


File: papers/0019.pdf Graphic file (type pdf)
<use papers/0019.pdf, page 9>
Package pdftex.def Info: papers/0019.pdf , page9 used on input line 279.
(pdftex.def)             Requested size: 614.29349pt x 794.96806pt.
[129

 <./papers/0019.pdf>]

[130

]
<papers/0020.pdf, id=2302, 614.295pt x 794.97pt>
File: papers/0020.pdf Graphic file (type pdf)
<use papers/0020.pdf>
Package pdftex.def Info: papers/0020.pdf  used on input line 286.
(pdftex.def)             Requested size: 614.29349pt x 794.96806pt.
<papers/0020.pdf, id=2304, page=1, 614.295pt x 794.97pt>
File: papers/0020.pdf Graphic file (type pdf)
<use papers/0020.pdf, page 1>
Package pdftex.def Info: papers/0020.pdf , page1 used on input line 286.
(pdftex.def)             Requested size: 614.29349pt x 794.96806pt.
File: papers/0020.pdf Graphic file (type pdf)
<use papers/0020.pdf, page 1>
Package pdftex.def Info: papers/0020.pdf , page1 used on input line 286.
(pdftex.def)             Requested size: 614.29349pt x 794.96806pt.
File: papers/0020.pdf Graphic file (type pdf)
<use papers/0020.pdf, page 1>
Package pdftex.def Info: papers/0020.pdf , page1 used on input line 286.
(pdftex.def)             Requested size: 614.29349pt x 794.96806pt.


Package hyperref Warning: Token not allowed in a PDF string (Unicode):
(hyperref)                removing `\@normalcr' on input line 286.


Underfull \hbox (badness 10000) in paragraph at lines 286--286

 []



File: papers/0020.pdf Graphic file (type pdf)
<use papers/0020.pdf, page 1>
Package pdftex.def Info: papers/0020.pdf , page1 used on input line 286.
(pdftex.def)             Requested size: 614.29349pt x 794.96806pt.
[131

 <./papers/0020.pdf>]
File: papers/0020.pdf Graphic file (type pdf)
<use papers/0020.pdf>
Package pdftex.def Info: papers/0020.pdf  used on input line 286.
(pdftex.def)             Requested size: 614.29349pt x 794.96806pt.
<papers/0020.pdf, id=2340, page=2, 614.295pt x 794.97pt>
File: papers/0020.pdf Graphic file (type pdf)
<use papers/0020.pdf, page 2>
Package pdftex.def Info: papers/0020.pdf , page2 used on input line 286.
(pdftex.def)             Requested size: 614.29349pt x 794.96806pt.
File: papers/0020.pdf Graphic file (type pdf)
<use papers/0020.pdf, page 2>
Package pdftex.def Info: papers/0020.pdf , page2 used on input line 286.
(pdftex.def)             Requested size: 614.29349pt x 794.96806pt.
File: papers/0020.pdf Graphic file (type pdf)
<use papers/0020.pdf, page 2>
Package pdftex.def Info: papers/0020.pdf , page2 used on input line 286.
(pdftex.def)             Requested size: 614.29349pt x 794.96806pt.


File: papers/0020.pdf Graphic file (type pdf)
<use papers/0020.pdf, page 2>
Package pdftex.def Info: papers/0020.pdf , page2 used on input line 286.
(pdftex.def)             Requested size: 614.29349pt x 794.96806pt.
[132

 <./papers/0020.pdf>]
<papers/0020.pdf, id=2353, page=3, 614.295pt x 794.97pt>
File: papers/0020.pdf Graphic file (type pdf)
<use papers/0020.pdf, page 3>
Package pdftex.def Info: papers/0020.pdf , page3 used on input line 286.
(pdftex.def)             Requested size: 614.29349pt x 794.96806pt.
File: papers/0020.pdf Graphic file (type pdf)
<use papers/0020.pdf, page 3>
Package pdftex.def Info: papers/0020.pdf , page3 used on input line 286.
(pdftex.def)             Requested size: 614.29349pt x 794.96806pt.


File: papers/0020.pdf Graphic file (type pdf)
<use papers/0020.pdf, page 3>
Package pdftex.def Info: papers/0020.pdf , page3 used on input line 286.
(pdftex.def)             Requested size: 614.29349pt x 794.96806pt.
[133

 <./papers/0020.pdf>]
<papers/0020.pdf, id=2359, page=4, 614.295pt x 794.97pt>
File: papers/0020.pdf Graphic file (type pdf)
<use papers/0020.pdf, page 4>
Package pdftex.def Info: papers/0020.pdf , page4 used on input line 286.
(pdftex.def)             Requested size: 614.29349pt x 794.96806pt.
File: papers/0020.pdf Graphic file (type pdf)
<use papers/0020.pdf, page 4>
Package pdftex.def Info: papers/0020.pdf , page4 used on input line 286.
(pdftex.def)             Requested size: 614.29349pt x 794.96806pt.


File: papers/0020.pdf Graphic file (type pdf)
<use papers/0020.pdf, page 4>
Package pdftex.def Info: papers/0020.pdf , page4 used on input line 286.
(pdftex.def)             Requested size: 614.29349pt x 794.96806pt.
[134

 <./papers/0020.pdf>]
<papers/0020.pdf, id=2366, page=5, 614.295pt x 794.97pt>
File: papers/0020.pdf Graphic file (type pdf)
<use papers/0020.pdf, page 5>
Package pdftex.def Info: papers/0020.pdf , page5 used on input line 286.
(pdftex.def)             Requested size: 614.29349pt x 794.96806pt.
File: papers/0020.pdf Graphic file (type pdf)
<use papers/0020.pdf, page 5>
Package pdftex.def Info: papers/0020.pdf , page5 used on input line 286.
(pdftex.def)             Requested size: 614.29349pt x 794.96806pt.


File: papers/0020.pdf Graphic file (type pdf)
<use papers/0020.pdf, page 5>
Package pdftex.def Info: papers/0020.pdf , page5 used on input line 286.
(pdftex.def)             Requested size: 614.29349pt x 794.96806pt.
[135

 <./papers/0020.pdf>]
<papers/0020.pdf, id=2389, page=6, 614.295pt x 794.97pt>
File: papers/0020.pdf Graphic file (type pdf)
<use papers/0020.pdf, page 6>
Package pdftex.def Info: papers/0020.pdf , page6 used on input line 286.
(pdftex.def)             Requested size: 614.29349pt x 794.96806pt.
File: papers/0020.pdf Graphic file (type pdf)
<use papers/0020.pdf, page 6>
Package pdftex.def Info: papers/0020.pdf , page6 used on input line 286.
(pdftex.def)             Requested size: 614.29349pt x 794.96806pt.


File: papers/0020.pdf Graphic file (type pdf)
<use papers/0020.pdf, page 6>
Package pdftex.def Info: papers/0020.pdf , page6 used on input line 286.
(pdftex.def)             Requested size: 614.29349pt x 794.96806pt.
[136

 <./papers/0020.pdf>]
<papers/0020.pdf, id=2407, page=7, 614.295pt x 794.97pt>
File: papers/0020.pdf Graphic file (type pdf)
<use papers/0020.pdf, page 7>
Package pdftex.def Info: papers/0020.pdf , page7 used on input line 286.
(pdftex.def)             Requested size: 614.29349pt x 794.96806pt.
File: papers/0020.pdf Graphic file (type pdf)
<use papers/0020.pdf, page 7>
Package pdftex.def Info: papers/0020.pdf , page7 used on input line 286.
(pdftex.def)             Requested size: 614.29349pt x 794.96806pt.


File: papers/0020.pdf Graphic file (type pdf)
<use papers/0020.pdf, page 7>
Package pdftex.def Info: papers/0020.pdf , page7 used on input line 286.
(pdftex.def)             Requested size: 614.29349pt x 794.96806pt.
[137

 <./papers/0020.pdf>]
<papers/0020.pdf, id=2416, page=8, 614.295pt x 794.97pt>
File: papers/0020.pdf Graphic file (type pdf)
<use papers/0020.pdf, page 8>
Package pdftex.def Info: papers/0020.pdf , page8 used on input line 286.
(pdftex.def)             Requested size: 614.29349pt x 794.96806pt.
File: papers/0020.pdf Graphic file (type pdf)
<use papers/0020.pdf, page 8>
Package pdftex.def Info: papers/0020.pdf , page8 used on input line 286.
(pdftex.def)             Requested size: 614.29349pt x 794.96806pt.


File: papers/0020.pdf Graphic file (type pdf)
<use papers/0020.pdf, page 8>
Package pdftex.def Info: papers/0020.pdf , page8 used on input line 286.
(pdftex.def)             Requested size: 614.29349pt x 794.96806pt.
[138

 <./papers/0020.pdf>]
<papers/0020.pdf, id=2422, page=9, 614.295pt x 794.97pt>
File: papers/0020.pdf Graphic file (type pdf)
<use papers/0020.pdf, page 9>
Package pdftex.def Info: papers/0020.pdf , page9 used on input line 286.
(pdftex.def)             Requested size: 614.29349pt x 794.96806pt.
File: papers/0020.pdf Graphic file (type pdf)
<use papers/0020.pdf, page 9>
Package pdftex.def Info: papers/0020.pdf , page9 used on input line 286.
(pdftex.def)             Requested size: 614.29349pt x 794.96806pt.


File: papers/0020.pdf Graphic file (type pdf)
<use papers/0020.pdf, page 9>
Package pdftex.def Info: papers/0020.pdf , page9 used on input line 286.
(pdftex.def)             Requested size: 614.29349pt x 794.96806pt.
[139

 <./papers/0020.pdf>]

[140

] (./main.ind







[141



])
<../back.pdf, id=2488, 614.295pt x 794.97pt>
File: ../back.pdf Graphic file (type pdf)
<use ../back.pdf>
Package pdftex.def Info: ../back.pdf  used on input line 296.
(pdftex.def)             Requested size: 614.29349pt x 794.96806pt.
<../back.pdf, id=2490, page=1, 614.295pt x 794.97pt>
File: ../back.pdf Graphic file (type pdf)
<use ../back.pdf, page 1>
Package pdftex.def Info: ../back.pdf , page1 used on input line 296.
(pdftex.def)             Requested size: 614.29349pt x 794.96806pt.
File: ../back.pdf Graphic file (type pdf)
<use ../back.pdf, page 1>
Package pdftex.def Info: ../back.pdf , page1 used on input line 296.
(pdftex.def)             Requested size: 614.29349pt x 794.96806pt.
File: ../back.pdf Graphic file (type pdf)
<use ../back.pdf, page 1>
Package pdftex.def Info: ../back.pdf , page1 used on input line 296.
(pdftex.def)             Requested size: 614.29349pt x 794.96806pt.
File: ../back.pdf Graphic file (type pdf)
<use ../back.pdf, page 1>
Package pdftex.def Info: ../back.pdf , page1 used on input line 296.
(pdftex.def)             Requested size: 614.29349pt x 794.96806pt.


File: ../back.pdf Graphic file (type pdf)
<use ../back.pdf, page 1>
Package pdftex.def Info: ../back.pdf , page1 used on input line 296.
(pdftex.def)             Requested size: 614.29349pt x 794.96806pt.
[142


 <../back.pdf>] (./main.aux)
 ***********
LaTeX2e <2025-06-01>
L3 programming layer <2025-05-26>
 ***********


LaTeX Warning: There were multiply-defined labels.

 )
(\end occurred inside a group at level 1)

### semi simple group (level 1) entered at line 106 (\begingroup)
### bottom level 
Here is how much of TeX's memory you used:
 13532 strings out of 467892
 222599 string characters out of 5434150
 640755 words of memory out of 5000000
 41682 multiletter control sequences out of 15000+600000
 676015 words of font info for 99 fonts, out of 8000000 for 9000
 1141 hyphenation exceptions out of 8191
 105i,18n,107p,2449b,774s stack positions out of 10000i,1000n,20000p,200000b,200000s
</usr/local/texlive/2025/texmf-dist/fonts/type1/public/amsfonts
/cm/cmbx10.pfb></usr/local/texlive/2025/texmf-dist/fonts/type1/public/amsfonts/
cm/cmbx12.pfb></usr/local/texlive/2025/texmf-dist/fonts/type1/public/amsfonts/c
m/cmbx9.pfb></usr/local/texlive/2025/texmf-dist/fonts/type1/public/amsfonts/cm/
cmex10.pfb></usr/local/texlive/2025/texmf-dist/fonts/type1/public/amsfonts/cm/c
mmi10.pfb></usr/local/texlive/2025/texmf-dist/fonts/type1/public/amsfonts/cm/cm
mi5.pfb></usr/local/texlive/2025/texmf-dist/fonts/type1/public/amsfonts/cm/cmmi
6.pfb></usr/local/texlive/2025/texmf-dist/fonts/type1/public/amsfonts/cm/cmmi7.
pfb></usr/local/texlive/2025/texmf-dist/fonts/type1/public/amsfonts/cm/cmmi9.pf
b></usr/local/texlive/2025/texmf-dist/fonts/type1/public/amsfonts/cm/cmr10.pfb>
</usr/local/texlive/2025/texmf-dist/fonts/type1/public/amsfonts/cm/cmr5.pfb></u
sr/local/texlive/2025/texmf-dist/fonts/type1/public/amsfonts/cm/cmr6.pfb></usr/
local/texlive/2025/texmf-dist/fonts/type1/public/amsfonts/cm/cmr7.pfb></usr/loc
al/texlive/2025/texmf-dist/fonts/type1/public/amsfonts/cm/cmr9.pfb></usr/local/
texlive/2025/texmf-dist/fonts/type1/public/amsfonts/cm/cmsy10.pfb></usr/local/t
exlive/2025/texmf-dist/fonts/type1/public/amsfonts/cm/cmsy7.pfb></usr/local/tex
live/2025/texmf-dist/fonts/type1/public/amsfonts/cm/cmsy9.pfb></usr/local/texli
ve/2025/texmf-dist/fonts/type1/public/amsfonts/cm/cmtt9.pfb></usr/local/texlive
/2025/texmf-dist/fonts/type1/public/cm-super/sfbx0900.pfb></usr/local/texlive/2
025/texmf-dist/fonts/type1/public/cm-super/sfbx1000.pfb></usr/local/texlive/202
5/texmf-dist/fonts/type1/public/cm-super/sfbx1200.pfb></usr/local/texlive/2025/
texmf-dist/fonts/type1/public/cm-super/sfbx1440.pfb></usr/local/texlive/2025/te
xmf-dist/fonts/type1/public/cm-super/sfrm0600.pfb></usr/local/texlive/2025/texm
f-dist/fonts/type1/public/cm-super/sfrm0700.pfb></usr/local/texlive/2025/texmf-
dist/fonts/type1/public/cm-super/sfrm0900.pfb></usr/local/texlive/2025/texmf-di
st/fonts/type1/public/cm-super/sfrm1000.pfb></usr/local/texlive/2025/texmf-dist
/fonts/type1/public/cm-super/sfti0900.pfb></usr/local/texlive/2025/texmf-dist/f
onts/type1/public/cm-super/sfti1000.pfb></usr/local/texlive/2025/texmf-dist/fon
ts/type1/public/cm-super/sftt0900.pfb></usr/local/texlive/2025/texmf-dist/fonts
/type1/public/cm-super/sftt1000.pfb></usr/local/texlive/2025/texmf-dist/fonts/t
ype1/urw/times/utmb8a.pfb></usr/local/texlive/2025/texmf-dist/fonts/type1/urw/t
imes/utmr8a.pfb></usr/local/texlive/2025/texmf-dist/fonts/type1/urw/times/utmri
8a.pfb>
Output written on main.pdf (152 pages, 62926007 bytes).
PDF statistics:
 2668 PDF objects out of 2984 (max. 8388607)
 1656 compressed objects within 17 object streams
 177 named destinations out of 1000 (max. 500000)
 1084 words of extra memory for PDF output out of 10000 (max. 10000000)

